temperature_c,vibration_mm_s,pressure_bar,rotation_rpm,hours_since_service,failure
75.0,5.34,26.3,1707,974,0
77.4,4.75,30.0,1415,48,0
72.8,4.51,26.4,1415,319,0
67.9,3.7,41.2,1294,258,0
71.4,3.39,34.7,1466,129,0
67.1,3.7,31.2,1363,272,0
75.5,4.09,25.2,1696,196,0
85.7,4.64,34.7,1628,604,0
71.1,4.52,33.5,1478,557,0
70.0,3.65,27.5,1394,670,0
78.9,4.09,27.9,929,996,0
77.9,4.48,22.5,1384,381,0
75.8,2.06,29.8,1561,845,0
67.6,3.09,34.7,1632,688,0
74.8,3.06,35.4,891,779,0
80.6,3.77,33.2,1026,684,0
64.2,3.68,34.5,1532,50,0
71.3,3.71,27.1,1297,937,0
59.8,2.97,27.7,1458,609,0
64.7,4.82,36.4,1407,970,0
60.3,4.35,32.5,1617,932,0
73.1,2.05,26.0,1134,49,0
64.9,4.03,32.8,1388,268,0
77.2,2.67,34.5,1687,471,0
76.3,6.06,33.8,1542,848,1
73.5,3.47,30.7,1337,150,0
54.9,3.55,27.4,1591,599,0
70.7,4.12,32.2,1557,219,0
74.6,3.78,39.0,1325,398,0
75.9,3.95,30.9,1638,307,0
62.8,5.88,26.7,1634,124,0
71.2,4.29,31.9,1475,885,0
67.2,5.02,23.7,1687,667,0
68.5,5.37,31.3,1269,923,0
83.5,2.85,28.6,1652,177,0
68.5,6.05,35.1,1463,648,0
74.7,4.85,30.7,1316,559,0
82.1,5.17,35.6,1383,889,1
70.3,2.98,42.1,1732,189,0
74.1,5.0,29.0,1391,229,0
75.9,4.52,25.8,1432,402,0
75.5,3.38,32.5,1372,992,0
65.2,6.76,29.7,1344,210,0
75.6,4.7,30.9,1691,505,0
85.9,3.73,27.0,1939,279,0
62.6,4.25,33.0,1766,42,0
81.9,5.11,30.5,1601,837,1
76.0,5.38,18.9,1651,437,0
69.9,4.72,28.9,1433,365,0
91.0,5.48,31.9,1403,887,1
81.1,5.79,36.3,1269,646,1
65.4,2.54,27.1,1786,951,0
75.6,3.44,25.9,1434,166,0
79.6,2.9,36.1,1360,773,0
73.5,4.14,26.9,1375,138,0
80.5,5.76,30.7,1539,767,0
74.5,4.81,32.6,1393,449,0
80.3,2.77,34.0,1505,894,0
86.5,3.67,30.2,1534,361,0
69.6,5.26,24.3,1766,810,0
76.6,3.39,35.4,1256,348,0
71.3,3.91,27.9,1560,80,0
76.0,4.39,27.4,1364,614,0
65.5,1.84,40.5,1417,230,0
70.4,4.96,34.7,1821,766,1
73.4,4.43,24.6,1625,781,0
82.2,4.71,27.6,1425,376,0
84.2,2.85,28.8,1598,177,0
64.4,3.1,26.2,1498,812,0
68.6,3.31,20.1,1721,920,0
80.2,4.32,34.3,1405,938,0
59.1,4.11,34.1,1598,772,0
71.3,4.18,31.4,1461,202,0
74.2,6.17,28.0,1504,867,1
85.1,5.59,31.2,1471,397,0
80.5,3.16,33.4,1379,498,0
72.4,3.24,24.7,1523,256,0
72.1,6.08,28.4,1695,758,0
73.0,3.64,27.2,1382,972,1
87.2,5.68,33.7,1425,367,0
71.6,5.94,31.5,1574,193,0
72.6,3.37,23.4,1353,477,0
77.8,3.7,26.9,1674,190,0
74.0,4.12,39.3,1641,145,0
73.4,2.99,25.1,1048,473,0
66.1,2.85,30.9,1373,448,0
74.9,3.54,26.8,1289,12,0
71.5,5.05,36.6,1665,958,0
84.3,3.49,29.8,1687,992,0
80.2,3.78,27.8,1265,823,1
74.8,3.47,24.0,1366,304,0
80.3,2.39,28.8,1486,637,0
72.3,5.81,34.4,1429,924,1
83.4,1.21,33.6,1644,801,0
75.0,3.24,23.2,1695,974,0
79.7,4.69,38.2,1619,738,1
64.7,2.35,28.8,1717,324,0
77.8,4.75,24.6,1687,279,0
61.5,5.53,30.7,1488,235,0
58.7,2.99,26.9,1416,973,0
72.6,4.27,27.1,1356,395,0
67.8,2.69,26.8,1664,594,0
76.3,4.63,29.6,1678,762,0
93.0,4.13,27.5,1703,41,0
68.3,4.28,21.2,1438,275,0
70.0,5.66,32.8,1425,899,0
76.6,4.59,27.4,1555,446,0
78.9,5.64,36.3,1749,296,0
73.6,4.78,32.8,1573,647,0
73.4,2.58,33.3,1547,214,0
80.6,4.34,31.0,1340,758,0
79.2,4.61,36.8,1590,659,0
66.7,2.29,28.4,1608,892,0
74.4,5.62,24.9,1315,199,0
75.3,4.1,31.8,1849,142,0
66.6,4.46,16.0,1321,694,0
77.1,2.95,28.1,1686,558,0
68.1,4.11,31.2,1462,921,0
82.8,4.38,27.9,1534,937,1
76.5,3.63,36.6,1347,916,0
75.7,4.12,33.7,1391,35,0
70.3,1.48,30.6,1641,734,0
74.1,5.66,28.0,1464,797,0
59.0,2.69,35.7,1435,669,0
65.9,1.4,26.5,1678,243,0
77.9,2.87,27.9,1643,409,0
58.0,3.02,33.9,1535,462,0
81.8,4.68,33.1,1548,132,0
61.0,2.93,40.6,1842,627,0
81.1,4.36,28.9,1470,215,0
68.2,2.87,20.3,1579,227,0
81.2,6.67,33.5,1587,651,1
76.0,4.68,36.5,1227,360,0
62.7,6.37,29.2,1122,828,0
85.0,2.8,38.1,1528,9,0
86.5,4.82,39.2,1674,953,1
74.5,2.87,26.6,1543,697,0
72.8,4.72,27.6,1398,314,0
73.7,4.83,23.6,1374,410,0
67.2,2.11,32.8,1663,882,0
83.8,2.66,33.7,1444,949,0
70.7,2.62,33.2,1186,294,0
74.6,2.22,23.7,1637,662,0
68.7,3.14,26.1,1550,475,0
70.0,2.87,22.6,1578,723,0
64.8,2.28,21.7,1708,757,0
85.1,4.14,23.1,1764,427,0
73.8,4.67,21.9,1613,147,0
82.7,2.44,29.1,1469,129,0
75.1,3.35,32.2,1086,830,0
69.4,4.03,33.2,1561,455,0
72.4,3.74,29.9,1473,833,0
70.5,3.18,26.6,1763,834,0
75.1,4.99,30.0,1754,728,0
72.0,5.03,33.0,1597,173,0
72.6,4.83,28.5,1772,991,0
64.0,3.77,30.3,1488,418,0
68.5,6.4,28.4,1494,969,0
88.2,6.1,27.3,1336,14,1
69.6,3.53,30.2,1442,762,0
66.6,3.87,24.3,1544,881,0
77.7,5.44,35.4,1711,836,1
86.3,3.05,22.0,1358,651,0
63.4,4.49,32.4,1660,998,1
73.3,4.07,23.0,1963,243,0
69.9,3.17,37.8,1238,449,0
60.9,3.73,34.5,1452,232,0
80.9,2.13,25.8,1507,807,0
74.8,3.36,27.7,1701,558,0
75.6,1.62,24.2,1894,780,0
69.0,6.75,29.7,1746,75,0
78.6,5.82,32.1,1495,45,0
70.7,5.49,43.2,1335,82,0
73.9,4.37,23.0,1492,859,0
66.1,5.21,36.4,1495,533,0
65.3,5.54,27.0,1551,62,0
85.7,5.23,31.4,1327,56,0
70.9,5.11,34.5,1803,734,0
77.3,2.91,32.8,1360,180,0
74.7,4.52,32.2,1637,670,0
71.5,3.37,29.0,1545,195,0
70.9,2.59,30.0,1287,902,0
80.0,2.64,30.8,1516,337,0
72.6,4.52,36.2,1506,763,0
73.8,5.27,22.4,1465,308,0
75.2,2.37,27.5,1661,8,0
84.4,6.1,23.6,1409,161,0
80.4,5.77,25.0,2004,800,1
78.1,3.55,25.9,1725,347,0
70.5,3.45,35.6,1322,702,0
63.9,3.92,41.0,1011,187,0
82.6,5.18,37.0,1750,442,0
82.7,3.54,23.9,1552,551,0
73.9,2.68,30.4,1518,760,0
79.3,4.42,24.2,1310,933,1
81.3,1.52,32.3,1218,367,0
81.6,4.17,36.5,1134,295,0
82.4,5.39,33.0,2009,216,0
71.4,4.37,34.5,1819,692,0
87.1,4.94,29.2,1393,673,0
65.0,4.59,19.9,1872,273,0
81.9,4.87,19.8,1136,202,0
79.0,4.17,29.5,1640,98,0
82.0,3.01,33.0,1641,121,0
90.0,3.73,36.5,1332,765,0
86.9,3.91,28.2,1412,798,0
65.8,5.51,30.4,1296,472,0
61.5,5.95,31.3,1510,770,0
81.5,4.5,35.5,1761,531,0
66.9,3.1,29.6,1698,603,0
74.9,3.12,24.4,1584,872,0
81.7,3.77,35.6,1723,462,0
61.8,5.67,32.1,1148,528,0
58.1,4.4,32.0,1901,993,0
77.1,3.93,23.5,1491,989,0
75.4,3.08,30.0,1241,614,0
73.0,5.06,21.2,1425,498,0
75.3,4.35,19.7,1372,16,0
68.1,3.94,28.8,1520,457,0
62.9,4.12,27.8,1563,288,0
73.7,6.02,32.9,1038,447,0
67.2,3.81,37.4,1751,235,0
61.9,6.03,29.8,1844,987,0
79.0,5.49,39.2,1296,234,0
74.5,4.06,27.0,1794,662,0
78.3,5.06,33.9,1751,28,0
67.1,3.85,23.5,1702,408,0
69.7,3.01,30.6,1825,994,0
67.0,3.68,28.4,1225,384,0
67.9,2.91,28.9,1645,93,0
76.6,4.61,33.0,1300,678,0
68.7,4.02,20.3,1971,857,0
77.8,4.68,30.6,1308,42,0
77.7,4.99,25.8,1257,618,0
91.2,0.5,30.6,1724,83,0
63.9,4.37,32.0,1624,795,0
82.1,1.84,28.1,1506,609,0
74.3,4.2,28.1,1528,823,0
74.9,2.95,24.1,1623,947,0
63.4,4.13,32.8,1844,746,0
71.3,5.64,26.5,1359,800,0
80.9,1.95,32.3,1389,432,0
74.3,4.23,22.7,1386,316,0
75.6,3.91,37.0,1486,935,0
72.7,1.73,24.8,1503,314,0
84.2,4.78,35.9,1244,879,1
74.8,4.04,27.7,1561,463,0
57.4,3.39,32.8,1249,23,0
69.5,3.13,29.3,1439,596,0
59.2,7.86,33.5,1451,751,0
49.0,3.53,30.0,1452,25,0
70.8,1.84,36.5,1796,989,0
85.7,2.88,33.4,1827,338,0
75.4,3.56,33.5,1715,457,0
65.6,3.54,38.6,1816,744,0
67.5,3.91,26.4,1443,582,0
84.0,2.74,36.7,1781,472,0
76.3,4.65,30.4,1490,966,0
75.4,3.42,22.4,1546,131,0
74.6,2.37,32.5,1555,718,0
75.3,3.02,29.0,1234,15,0
81.4,3.54,38.7,1379,769,0
79.4,5.02,27.5,1469,714,0
76.7,4.58,30.3,1573,410,0
66.7,3.59,31.2,1475,414,0
79.1,4.02,20.2,1330,571,0
69.5,4.26,32.6,1269,902,0
83.8,6.45,24.9,1502,156,0
64.8,3.26,37.2,1264,386,0
73.9,4.56,38.5,1265,459,0
74.9,4.87,30.0,1480,354,0
64.4,2.86,21.9,1536,241,0
88.8,4.23,30.9,1334,486,0
86.7,4.2,30.9,1144,336,0
71.3,3.44,33.7,1557,590,0
81.2,4.68,28.5,1664,433,0
78.0,5.23,23.9,1419,832,0
54.1,5.36,29.3,1425,836,0
77.0,3.77,25.3,1036,545,0
74.5,4.23,39.1,1680,875,0
75.7,6.82,26.4,1281,509,0
66.4,2.68,26.7,1644,354,0
72.8,4.27,29.8,1382,575,0
73.6,5.07,23.6,1472,851,0
84.5,4.18,27.7,1463,545,0
77.7,4.79,29.3,1141,802,1
75.0,4.21,27.5,2050,353,0
87.2,4.9,28.7,1187,666,0
70.6,5.54,36.4,1522,564,0
71.9,3.73,32.2,1338,654,0
60.5,4.24,23.1,1453,446,0
87.6,3.93,27.8,1775,131,0
82.7,3.52,33.8,1127,16,0
82.3,3.98,26.7,1472,87,0
80.4,2.64,30.4,1599,71,0
75.9,4.89,29.9,1524,425,0
76.7,6.04,32.7,1579,377,0
73.0,6.05,29.1,1350,631,0
73.4,5.53,29.3,1172,955,1
75.4,2.84,25.6,1238,415,0
87.1,5.82,31.8,1418,325,1
79.4,3.14,25.2,1648,618,0
74.5,3.94,38.9,1516,524,0
70.4,6.22,29.9,1821,52,0
69.9,2.71,28.9,1520,790,0
87.8,5.01,34.0,1539,352,0
79.1,4.34,29.6,1540,546,0
75.5,3.82,30.5,1154,650,0
72.2,2.95,29.7,1615,931,0
66.1,4.51,26.3,1278,319,0
74.5,3.44,25.3,1424,467,0
82.0,5.25,26.4,1969,872,1
71.9,5.47,35.8,1253,948,0
73.2,2.34,26.8,1524,730,0
73.2,3.39,27.9,1558,827,0
75.9,3.62,27.7,1526,34,0
62.3,2.58,33.6,1501,578,0
73.1,2.66,40.1,1388,303,0
68.2,4.11,25.3,1898,598,0
82.1,3.75,32.8,1099,633,0
68.8,2.02,30.6,1295,403,0
79.6,3.35,28.4,1797,859,0
87.2,4.62,32.6,1610,815,1
72.5,2.55,23.5,1347,59,0
70.2,2.89,34.3,1320,889,0
76.5,5.91,31.1,1450,743,0
75.0,5.58,24.9,2028,850,0
67.1,2.05,38.2,1599,305,0
78.7,2.38,34.4,1294,406,0
91.1,4.45,36.0,1548,747,1
72.9,2.57,22.6,1375,866,0
73.4,3.7,28.6,1800,294,0
66.6,3.46,27.3,1559,681,0
77.6,4.67,33.2,1752,392,0
65.0,0.97,36.9,1532,469,0
66.1,1.36,20.2,1908,488,0
85.2,2.53,30.1,1582,386,0
67.8,5.22,29.4,1556,889,1
83.7,3.81,35.1,1296,836,0
87.2,1.95,29.8,1416,43,0
77.1,4.59,23.5,1578,63,0
79.4,4.85,29.0,1401,81,0
90.6,3.7,24.7,1998,146,0
73.4,3.6,26.0,1498,215,0
70.3,4.53,30.2,1348,198,0
64.2,5.45,27.5,1698,283,0
75.3,4.18,31.4,1394,390,0
86.8,4.64,22.2,1581,724,1
82.7,3.94,41.9,1481,597,0
67.5,3.54,36.4,1356,125,0
68.2,2.9,33.7,1778,673,0
71.0,4.31,23.4,1518,581,0
77.3,3.64,19.0,1718,2,0
73.4,3.71,25.6,1432,869,0
76.7,5.12,28.8,1215,208,0
77.4,4.59,41.4,1251,501,0
72.6,5.04,36.7,1396,518,0
74.7,2.11,27.3,1463,58,0
76.7,4.67,36.2,1511,145,0
74.3,3.29,36.3,1603,171,0
79.0,3.03,30.1,1251,921,0
90.0,2.98,36.2,1546,898,0
79.7,5.45,31.7,1256,882,1
75.4,4.99,26.7,1363,247,0
61.5,3.14,24.0,2013,417,0
78.1,2.63,29.4,1755,545,0
59.4,4.02,35.1,1427,55,0
63.7,3.45,23.1,1858,135,0
81.8,5.99,21.8,1784,474,1
80.6,2.25,32.8,1678,110,0
73.8,1.8,16.1,1794,461,0
61.3,3.69,39.3,1450,530,0
72.0,4.01,27.8,1475,30,0
69.6,4.16,33.7,1328,775,0
80.1,4.9,39.5,1617,386,0
93.1,6.49,22.6,1249,475,1
76.7,3.59,24.6,1399,656,0
68.8,3.35,41.5,1592,871,0
65.6,1.89,28.5,1399,159,0
74.6,4.29,29.3,1569,179,0
73.6,5.02,31.2,1865,634,0
65.8,3.69,35.4,1303,890,0
75.9,5.42,36.8,1781,217,0
65.8,4.04,30.6,1363,468,0
83.9,5.82,28.3,1313,40,0
83.5,4.4,29.8,1545,9,0
83.7,2.73,31.6,1706,928,0
71.2,3.24,36.7,1357,763,0
79.1,2.16,30.7,1354,697,0
73.9,1.92,39.3,1412,54,0
71.9,4.32,25.6,1356,700,0
72.3,5.04,32.7,1538,718,0
64.6,6.35,39.0,1358,339,0
63.4,3.93,36.6,1449,809,0
81.4,3.72,31.7,1571,997,0
73.5,2.67,25.5,1417,248,0
76.7,5.18,26.4,1731,37,0
83.0,4.47,29.2,1365,289,0
61.1,3.29,31.6,1346,677,0
68.7,4.83,28.7,1908,900,0
76.4,4.67,22.6,1801,942,0
78.1,1.76,26.2,1514,812,0
72.0,4.89,32.6,1666,613,0
83.2,4.16,34.3,1568,211,0
76.7,3.53,22.8,1398,319,0
65.3,3.5,28.1,1635,209,0
67.6,6.1,21.4,1561,577,0
81.4,5.84,27.1,1756,96,0
78.7,6.19,48.1,1131,795,1
59.8,2.62,30.3,1661,645,0
85.8,3.21,28.2,1533,795,0
79.8,5.09,27.0,1363,710,0
85.7,2.55,23.8,1414,665,0
71.9,3.14,20.5,1419,316,0
72.6,1.83,29.8,1235,906,0
66.0,6.22,28.6,1385,764,0
95.3,5.28,37.6,1657,123,1
73.6,4.55,21.6,1197,232,0
87.7,4.26,32.2,1425,97,0
69.8,3.5,36.9,1027,677,0
76.3,3.52,20.0,1385,454,0
61.6,4.74,33.4,1578,235,0
71.9,3.15,21.8,1490,706,0
82.9,5.47,32.7,1509,111,0
65.0,3.41,37.5,1276,987,0
83.6,2.95,30.0,1614,955,0
77.7,5.56,31.5,1319,98,0
66.6,3.83,26.5,1682,678,0
71.0,4.67,31.5,1542,611,0
71.3,3.5,35.8,1423,303,0
74.6,1.3,29.1,1797,334,0
70.7,4.66,29.3,1421,957,0
68.4,2.38,32.0,1705,80,0
72.6,5.3,34.2,1521,901,0
66.8,2.14,21.6,1500,491,0
64.7,1.76,30.3,1700,550,0
74.6,4.37,26.5,1588,506,0
82.1,4.51,32.5,1499,786,0
62.8,4.13,35.3,1476,191,0
75.0,2.54,31.6,1542,232,0
69.8,5.07,36.6,1517,111,0
67.2,2.24,24.9,1435,449,0
81.8,3.44,27.9,1293,40,0
70.9,3.05,24.9,982,969,0
87.0,3.55,30.3,1478,439,0
68.8,5.02,30.5,1452,350,0
78.1,3.24,29.0,1743,929,0
73.2,4.68,23.8,1590,858,0
69.0,4.83,29.6,1728,219,0
79.7,1.95,27.8,1847,77,0
73.8,2.6,33.1,1479,719,0
79.8,3.54,28.6,1332,359,0
74.6,3.29,36.0,1664,828,0
66.3,4.37,31.2,1381,379,0
74.2,1.68,20.5,1449,301,0
75.4,4.86,29.1,1788,459,0
82.7,4.89,22.7,1611,43,0
67.7,3.8,35.0,1720,175,0
74.7,2.34,37.3,1230,150,0
61.2,4.01,29.9,1507,708,0
80.2,3.36,32.3,1724,300,0
66.3,4.68,22.6,1244,815,0
60.5,3.9,18.5,1540,949,0
74.5,4.87,27.2,1581,494,0
83.8,3.48,28.7,1039,187,0
62.8,5.73,22.3,1820,15,0
66.3,1.23,30.5,1358,962,0
69.1,2.78,31.6,1473,120,0
66.0,4.59,33.3,1836,745,0
78.0,2.19,37.9,1143,20,0
68.5,4.88,34.2,1593,915,0
69.2,2.54,28.1,1411,559,0
79.7,4.11,30.5,1509,658,0
69.0,2.9,33.1,1337,617,0
78.5,3.47,24.7,1773,235,0
67.2,4.21,36.8,1276,118,0
65.3,3.87,34.6,1573,835,0
60.3,3.54,28.9,1609,554,0
89.9,6.58,26.7,1482,569,1
72.4,4.01,49.5,1446,112,0
77.0,2.84,34.3,1448,947,0
74.8,5.11,34.8,1705,697,0
76.3,4.98,39.2,1591,423,0
75.4,5.47,35.0,1484,48,0
90.3,6.14,31.1,1282,470,1
66.7,2.87,33.6,1532,978,0
62.5,5.27,25.3,1607,761,0
66.9,5.37,33.7,1494,23,0
64.3,4.0,22.1,1788,748,0
81.0,4.29,32.2,1119,871,1
81.6,0.5,32.9,1999,257,0
67.3,3.31,22.0,1464,842,0
63.9,6.15,39.9,1273,972,0
72.2,1.86,24.1,1152,418,0
86.1,3.36,35.4,1674,103,0
52.4,4.35,27.3,1615,371,0
79.2,4.69,31.6,1457,906,0
66.4,5.96,26.7,1491,464,0
83.3,1.88,42.8,1535,299,0
66.4,4.05,35.3,1416,442,0
72.7,5.03,39.3,1732,833,0
62.9,2.42,34.1,1626,608,0
67.2,3.95,33.6,1477,115,0
86.1,6.26,30.8,1173,318,1
81.6,5.58,28.8,1775,286,0
71.8,4.65,33.2,1405,767,0
68.0,0.86,30.9,1294,513,0
59.8,3.84,29.3,1759,73,0
71.9,4.46,23.0,1601,19,0
74.8,3.63,28.5,1098,364,0
74.3,3.92,33.2,1168,568,0
74.2,7.7,27.7,1422,576,0
66.0,3.74,31.9,1250,385,0
74.5,2.84,29.4,1470,412,0
74.7,4.29,24.8,2024,303,0
85.3,3.62,25.5,2097,158,0
89.9,3.63,26.3,1493,329,0
73.9,3.9,28.6,1662,657,0
68.9,4.93,28.8,1680,294,0
74.5,4.29,35.8,1478,907,0
70.1,2.56,24.6,1206,560,0
69.1,3.84,19.6,1717,162,0
74.5,4.57,33.6,1466,463,0
66.7,3.44,27.8,1592,176,0
79.8,5.38,29.5,1643,131,0
74.2,4.93,43.2,1340,110,0
77.0,2.81,37.6,1839,170,0
73.5,4.38,33.1,1517,188,0
69.2,6.38,35.0,1547,970,1
67.4,5.87,30.7,1415,49,0
73.1,3.93,35.0,1644,453,0
70.6,5.08,27.0,1704,650,0
76.9,3.19,26.5,1390,71,0
75.0,2.26,27.7,1619,327,0
64.1,4.67,38.2,1415,404,0
75.5,4.3,38.1,1255,474,0
64.3,4.62,27.0,1436,679,0
70.1,3.97,36.1,1624,512,0
72.6,4.39,29.3,1613,522,0
58.4,3.38,35.7,1718,282,0
75.7,4.57,28.5,1367,54,0
76.2,5.0,35.1,1441,661,0
73.7,3.93,29.6,1517,526,0
71.6,4.98,28.7,1626,515,0
72.0,1.87,30.0,1479,580,0
67.2,3.06,31.0,1312,936,0
72.8,5.73,27.2,1192,757,0
70.6,6.11,23.1,1738,490,0
75.7,4.3,38.9,1716,206,0
65.4,3.88,28.1,1369,165,0
76.9,2.48,20.8,1799,579,0
76.1,4.44,18.5,1490,781,0
73.9,4.93,15.8,1594,674,0
71.5,2.22,27.0,1755,762,0
79.4,4.67,37.1,1406,78,0
61.7,4.59,21.8,1347,83,0
78.7,4.53,28.5,1154,565,0
76.9,2.65,20.7,1564,772,0
77.3,4.65,35.8,1593,200,0
78.1,2.2,32.1,1676,989,0
69.8,5.79,31.8,1624,471,0
72.9,4.16,37.1,1524,60,0
80.1,2.6,38.6,1733,602,0
78.4,5.61,35.5,1297,999,1
76.7,5.38,27.2,1581,985,1
62.9,3.22,23.4,1606,974,0
79.3,6.64,24.8,1479,443,0
84.4,2.8,21.2,1849,879,0
83.1,4.38,39.5,1591,337,0
76.9,5.42,29.2,1774,872,0
62.5,1.28,30.9,1683,520,0
82.5,5.2,31.2,1467,382,0
73.8,3.92,40.6,1891,43,0
54.7,3.98,27.3,1726,390,0
78.0,2.71,36.3,1507,669,0
63.1,4.4,31.8,1479,185,0
64.6,2.67,29.4,1295,449,0
69.9,2.84,20.3,1473,247,0
85.2,3.46,34.9,1456,165,0
72.0,2.53,26.4,1545,342,0
77.2,5.89,27.8,1418,165,0
89.0,2.41,31.4,1618,592,0
87.8,3.09,30.7,1487,665,0
74.2,3.62,36.0,1186,334,0
73.1,4.0,26.8,1402,89,0
64.9,4.95,31.1,1323,307,0
69.4,4.98,31.6,1247,132,0
78.4,3.64,30.3,1452,633,0
78.2,3.54,33.7,1687,876,0
75.9,4.04,28.9,1279,58,0
83.0,4.99,36.4,1101,445,0
68.8,4.84,26.6,1471,489,0
74.6,3.38,22.8,2104,42,0
80.8,1.53,30.0,1385,987,0
79.7,6.57,36.3,1558,118,0
83.6,5.14,27.6,1421,118,0
78.2,4.32,27.0,1676,66,0
72.5,4.41,28.4,1793,376,0
77.9,3.37,31.1,1472,663,0
67.0,2.8,29.3,1741,528,0
61.9,3.6,31.8,1286,424,0
79.6,3.73,21.4,1546,244,0
74.6,3.25,37.9,1249,835,0
77.5,2.25,33.2,1542,248,0
61.4,3.62,25.8,1381,448,0
72.1,4.69,37.3,1552,675,0
70.2,3.41,32.5,1279,23,0
68.1,4.03,37.8,1550,154,0
57.0,1.52,24.2,1527,460,0
72.3,3.75,38.8,1390,271,0
82.2,3.85,30.5,1343,189,0
78.0,2.53,19.6,1266,968,0
70.2,1.92,34.1,1425,14,0
74.9,4.49,28.7,1585,308,0
81.1,3.03,25.0,1478,169,0
52.9,4.59,29.1,1536,213,0
74.0,3.5,20.2,1759,936,0
79.3,4.75,33.2,1440,361,0
80.5,3.59,29.1,1564,587,0
88.6,2.19,28.8,1671,624,0
84.1,3.9,37.5,1608,911,0
77.5,3.61,30.4,1582,925,0
77.4,4.79,26.8,1521,345,0
81.3,3.46,25.3,1892,660,0
70.7,3.53,29.9,1490,102,0
74.7,5.03,35.7,1427,662,0
82.2,5.4,27.2,1624,240,0
90.7,4.91,24.9,1833,11,0
73.7,5.25,35.0,1789,770,1
74.6,4.55,30.5,1512,996,0
76.6,4.92,30.1,1672,699,0
85.7,5.05,41.0,1605,784,1
74.8,4.48,24.0,1520,933,0
86.8,4.08,31.2,1636,348,0
67.3,4.17,21.1,1629,880,0
73.5,6.89,28.7,1533,492,1
73.4,4.02,33.2,1851,516,0
81.3,3.72,36.0,1429,73,0
83.4,3.56,23.7,1785,278,0
62.9,3.96,34.5,1927,398,0
67.7,4.29,34.2,1930,549,0
77.7,2.64,29.6,1560,227,0
69.7,1.62,42.9,1468,976,0
62.8,4.35,30.2,1184,871,0
83.3,2.07,25.7,1494,144,0
79.0,4.31,32.4,1995,110,0
78.9,4.17,20.6,1191,50,0
71.2,5.38,38.2,1195,195,0
83.2,6.0,35.3,1673,774,1
73.1,4.44,28.2,1629,236,0
83.8,3.34,33.4,1139,595,0
67.7,2.59,33.0,1494,563,0
68.2,3.05,40.2,1574,961,0
76.6,4.05,27.0,1201,433,0
69.4,1.52,23.6,1698,208,0
80.4,4.09,19.7,1239,517,0
77.1,3.99,28.7,1732,376,0
67.6,4.77,22.1,1546,116,0
75.6,3.6,29.3,1365,881,0
72.2,4.12,32.3,1182,349,0
82.3,3.12,27.9,1437,8,0
69.9,3.44,25.3,1486,851,0
71.5,1.87,36.3,1479,846,0
84.7,4.15,29.2,1386,391,0
92.9,5.86,31.4,1463,792,1
91.0,4.2,35.1,1680,498,0
75.5,4.44,23.5,1322,608,0
76.8,2.82,25.5,1463,469,0
87.3,5.72,43.1,1597,128,1
74.0,3.08,29.4,1500,951,0
67.2,4.96,24.8,1678,15,0
75.9,4.13,28.9,1817,29,0
78.6,2.85,27.3,1434,449,0
68.4,5.23,23.9,1548,198,0
61.8,4.02,28.1,915,836,0
63.5,4.21,30.1,1435,871,0
80.3,4.54,30.1,1639,307,0
68.9,3.97,33.0,1280,90,0
73.9,3.55,21.3,1771,547,0
76.7,4.56,22.5,1127,378,0
80.0,3.51,34.3,1775,989,1
72.3,4.08,27.9,1401,382,0
79.0,3.2,36.5,1299,621,0
67.9,2.21,31.8,1407,960,0
72.1,3.19,22.9,1451,904,0
66.8,3.41,33.0,1300,138,0
84.1,4.02,25.0,1227,430,0
74.8,5.42,31.5,1399,524,0
69.1,1.97,36.5,1694,755,0
72.2,4.15,41.1,1585,857,0
73.2,1.35,29.8,1773,898,0
80.6,2.74,33.8,1381,587,0
62.2,3.39,31.8,1432,811,0
66.7,1.3,34.3,1437,870,0
72.0,1.77,17.1,1532,108,0
95.3,4.18,28.2,1596,980,1
82.6,4.09,31.7,1856,334,0
74.1,3.86,32.6,1645,17,0
80.7,3.04,26.3,1536,274,0
91.5,6.59,34.4,1776,649,1
73.1,3.81,35.9,1346,379,0
72.1,2.97,30.6,1240,594,0
84.7,6.01,29.0,1637,789,1
79.0,4.74,28.4,1537,317,0
80.4,3.55,30.9,1527,206,0
70.9,5.43,36.3,1690,747,1
90.4,4.19,37.9,1436,85,0
88.7,4.77,27.8,1481,927,1
79.5,4.28,25.4,1579,834,0
80.5,2.77,26.1,1633,343,0
58.8,5.17,35.3,1701,500,0
80.1,4.19,31.3,1526,737,0
73.4,2.79,31.7,1556,901,0
78.5,3.08,32.7,1017,982,0
80.5,5.15,32.1,1748,504,1
72.3,3.56,29.6,1188,417,0
61.5,4.06,24.9,1494,61,0
77.9,4.79,27.0,2011,995,0
69.1,4.15,30.8,1437,268,0
72.4,2.17,32.2,1185,220,0
70.2,4.76,28.3,1826,889,0
72.3,5.13,28.1,1391,751,0
56.5,5.04,37.2,1470,487,0
84.7,5.94,27.8,1469,640,1
77.0,4.44,31.3,1650,934,0
83.9,4.93,28.6,1658,471,0
90.8,5.91,25.8,1477,58,0
75.2,3.65,22.4,1725,999,1
60.6,6.08,27.5,1321,972,0
67.8,6.08,26.0,1638,903,0
65.3,4.94,34.6,1377,198,0
71.0,6.21,24.3,1642,300,0
75.6,5.02,28.1,1368,49,0
59.0,2.94,33.6,1414,573,0
77.7,5.36,29.6,1798,928,0
62.9,4.39,32.7,1277,542,0
77.4,4.5,34.5,1266,111,0
74.1,4.19,21.7,1617,133,0
72.5,5.63,28.1,1448,763,0
74.4,4.66,25.3,1416,232,0
70.7,3.17,37.1,1473,767,0
70.1,4.58,29.6,1927,593,0
61.5,4.88,32.7,1294,388,0
74.8,3.13,38.9,1447,444,0
89.8,3.48,28.4,1535,826,1
90.8,3.54,30.6,1313,963,1
85.6,3.27,32.3,1494,154,0
80.6,4.42,28.8,1598,779,0
69.6,5.22,36.6,1319,616,1
86.5,6.27,34.4,1725,236,1
74.6,5.43,35.3,1272,200,0
74.4,5.23,30.5,1472,217,0
72.7,5.37,28.5,1568,956,1
75.7,5.6,28.4,2138,726,0
71.5,3.55,28.3,1151,2,0
74.3,4.83,21.8,1557,420,0
66.3,4.39,32.1,2006,741,0
72.0,3.84,34.4,1381,204,0
93.2,3.45,30.2,1719,439,0
74.4,3.39,27.7,1544,320,0
73.1,3.68,30.4,1215,503,0
79.3,2.52,31.3,1580,98,0
80.7,4.63,31.9,1323,662,0
66.1,3.97,39.4,1518,105,0
73.3,4.13,25.8,1201,508,0
82.3,4.41,32.1,1647,166,0
77.2,4.87,33.7,1017,604,0
76.0,3.29,30.6,1467,71,0
87.4,3.87,29.0,1758,249,0
69.6,2.07,25.0,1604,773,0
75.7,1.34,27.2,1431,104,0
70.8,1.67,33.8,1454,211,0
86.9,5.84,37.6,1415,620,1
59.4,1.81,26.9,2044,590,0
69.6,4.57,32.6,1490,67,0
70.8,5.77,32.8,1498,544,0
80.3,3.45,35.3,1353,927,1
79.9,5.96,31.4,1405,116,0
86.2,6.22,32.4,1622,376,1
62.4,5.13,34.7,1378,38,0
81.0,6.85,24.3,1339,662,1
72.7,4.75,30.4,1390,89,0
69.7,3.13,21.2,1430,390,0
79.3,4.63,20.2,1535,189,0
67.6,3.47,26.0,1403,762,0
58.4,2.44,22.4,1462,188,0
72.0,2.47,32.8,1350,290,0
63.0,6.78,35.2,1748,673,0
69.8,3.36,28.6,1518,79,0
78.0,3.98,29.5,1437,546,0
77.5,3.21,29.0,1558,161,0
87.7,4.17,28.9,1491,179,0
73.4,3.72,30.9,1187,997,0
62.7,3.52,32.0,1464,80,0
69.0,2.56,27.8,1830,251,0
67.6,2.32,26.2,1601,342,0
65.3,3.12,27.6,1736,713,0
78.5,4.37,34.2,1366,195,0
69.8,6.51,28.1,1203,130,0
59.2,5.28,37.5,1360,270,0
80.6,6.2,29.0,1770,602,0
74.1,4.6,37.1,1300,969,0
77.9,3.91,24.2,1341,579,0
75.8,2.43,26.7,1721,15,0
80.1,4.02,32.6,1450,379,0
75.3,1.45,32.6,1460,544,0
84.9,3.66,29.4,1576,803,0
78.4,5.97,40.5,1517,984,1
78.1,4.42,30.5,1439,136,0
78.3,5.38,31.6,1551,815,0
63.3,3.56,27.3,1357,707,0
73.7,2.37,38.5,1491,646,0
72.9,3.45,34.5,1631,550,0
76.7,3.55,32.3,1288,649,0
64.1,5.47,21.9,1457,323,0
88.1,6.4,32.0,1271,70,1
75.8,3.14,27.8,1649,260,0
65.3,3.6,32.2,1623,25,0
61.3,3.85,34.8,1689,781,0
72.7,3.61,26.4,1706,268,0
74.3,2.54,31.3,1705,914,0
69.3,4.14,34.6,1643,571,0
75.7,4.46,31.0,1344,695,0
69.9,4.49,28.5,1687,510,0
79.4,2.58,24.8,1317,867,0
69.2,3.89,26.8,1966,764,0
74.7,1.94,23.8,1558,130,0
82.8,5.13,35.1,1619,685,0
95.6,2.81,30.7,1253,828,0
66.9,3.7,24.1,1714,699,0
71.3,3.49,30.1,1735,832,0
68.3,3.33,23.7,1186,688,0
81.3,2.76,13.7,1389,455,0
65.8,1.91,36.2,1406,73,0
71.1,6.11,36.0,1370,237,0
74.8,4.34,22.8,1776,718,0
67.2,4.35,26.6,1933,294,0
67.3,6.55,31.2,1287,763,0
71.2,3.91,28.2,1710,813,0
58.2,4.7,25.9,1447,994,0
63.4,4.06,27.6,1774,896,0
71.7,5.46,29.0,1010,978,0
76.2,4.64,27.4,1413,244,0
73.5,4.41,31.2,1743,94,0
60.8,3.73,29.0,1348,837,0
71.3,4.37,26.3,1738,326,0
81.4,5.43,30.3,1397,888,1
79.4,1.55,21.8,1727,716,0
74.4,3.88,37.4,1617,984,0
67.9,3.54,21.4,1416,206,0
80.0,3.68,29.7,1347,281,0
70.4,1.67,31.9,1466,682,0
65.6,4.92,32.2,1732,9,0
68.6,3.02,31.5,1498,681,0
86.6,3.77,36.5,1367,549,0
76.8,3.43,24.5,2164,487,0
84.3,2.04,29.8,1184,72,0
71.2,3.5,30.9,1454,745,1
82.5,1.83,27.7,1608,53,0
70.2,2.91,27.2,1290,697,0
73.7,3.66,36.6,1497,805,0
94.9,4.03,26.6,1415,254,0
81.1,4.11,27.7,1203,865,1
71.0,3.87,28.8,1590,233,0
74.3,6.6,29.1,1271,377,0
77.6,4.56,30.9,1348,806,1
84.7,2.57,29.1,1746,886,0
71.1,3.31,32.0,1275,924,0
61.1,3.25,30.8,1620,773,0
72.8,3.83,32.5,1736,21,0
75.1,3.32,37.0,1698,847,0
75.9,3.01,25.9,1593,863,0
85.5,6.02,38.4,1452,910,1
77.5,4.09,27.9,1218,338,0
81.5,3.64,33.5,1528,137,0
66.2,3.74,30.9,1588,812,0
81.9,3.78,28.6,1397,276,0
91.8,5.71,20.3,1301,410,1
81.2,4.61,38.2,1673,896,1
77.0,5.39,26.3,1287,181,0
76.2,0.5,26.2,1587,279,0
89.3,4.43,35.4,1402,332,0
67.6,5.31,30.5,1161,810,1
74.1,6.41,39.6,1821,950,1
78.7,4.08,38.5,1620,167,0
81.0,1.98,33.7,1607,283,0
71.5,4.75,31.4,1215,771,0
77.5,3.32,33.9,1472,214,0
72.8,1.89,23.6,1554,598,0
76.0,3.3,31.0,1348,456,0
73.9,5.31,30.9,1828,839,1
65.9,5.48,27.8,1092,263,0
74.8,4.91,31.4,1638,522,0
82.0,2.79,22.8,1118,587,0
67.3,7.06,34.6,1183,41,0
73.1,2.64,36.5,1239,66,0
80.3,3.95,23.7,1610,204,0
66.4,2.31,30.8,1352,41,0
76.5,5.62,37.8,1360,385,0
66.5,4.58,32.2,1313,563,0
84.1,5.11,25.0,1198,486,0
93.5,4.15,25.2,1314,638,0
91.2,3.96,34.4,1296,579,0
73.2,4.26,39.2,1429,716,0
80.9,1.78,24.7,1417,852,0
76.0,5.24,30.3,1011,22,0
75.8,5.14,26.2,1362,66,0
87.4,3.58,28.7,1734,29,0
64.4,4.03,31.6,1396,557,0
83.4,4.41,29.9,1475,155,0
74.6,5.93,26.7,1345,489,0
86.3,4.57,40.6,1351,277,0
76.5,4.1,29.3,1473,420,0
69.6,3.44,29.2,1217,438,0
77.2,2.25,35.6,1453,594,0
80.9,3.33,30.2,1153,24,0
75.3,4.14,29.1,1553,501,0
78.9,3.75,34.8,1170,302,0
70.8,4.14,25.0,1616,555,0
57.9,4.95,33.8,1687,399,0
82.2,4.58,35.2,1159,19,0
80.6,4.38,33.4,1619,444,0
76.2,4.84,29.2,1402,551,0
75.5,4.28,30.1,1716,865,0
83.3,4.02,21.6,1376,475,0
71.3,4.62,29.5,1426,280,0
69.3,1.98,31.5,1424,25,0
73.5,5.56,34.4,1733,162,0
84.5,2.51,30.8,1094,947,0
63.9,5.06,28.2,1634,545,0
84.5,4.07,25.9,1500,911,0
69.9,5.39,29.9,1383,109,0
66.2,4.1,30.8,1433,160,0
85.1,2.92,36.1,1667,879,0
74.2,5.35,30.1,1645,44,0
64.6,4.28,27.6,1819,477,0
72.1,4.2,29.6,1352,655,0
82.4,4.16,27.7,1101,530,0
84.5,5.26,28.9,1369,663,1
71.6,5.04,19.2,1441,48,0
78.3,4.34,22.2,1392,550,0
80.7,2.2,24.2,1724,534,0
69.8,3.58,32.4,1936,778,1
77.8,4.19,29.7,1556,483,0
74.7,6.22,30.8,1123,324,0
70.7,4.52,35.8,1687,455,0
71.1,3.95,24.9,1350,167,0
75.5,5.5,35.7,1488,779,1
75.2,3.93,32.0,1647,538,0
70.5,4.03,26.6,1553,267,0
71.6,4.25,37.5,1466,694,0
83.9,2.27,23.0,1536,313,0
76.7,5.21,24.5,1631,507,0
82.1,4.58,29.1,1605,989,1
84.6,3.73,32.1,1893,933,0
79.7,2.69,29.1,880,447,0
93.2,4.32,19.5,1322,262,0
68.4,5.75,28.6,1362,742,0
81.5,3.3,29.7,1644,970,1
72.5,2.79,42.7,1523,862,0
89.8,4.57,36.9,1649,595,0
88.6,2.15,30.7,1193,755,1
59.4,1.4,24.7,1435,998,0
67.2,3.53,31.8,1608,295,0
80.3,3.24,24.3,1468,93,0
81.3,3.73,31.1,1399,751,0
80.9,3.41,31.9,1533,922,0
74.4,4.47,28.1,1808,579,0
78.6,3.8,31.3,1057,303,0
80.2,3.35,28.5,1796,388,0
74.4,3.52,27.3,1534,5,0
83.2,4.83,37.7,1307,746,0
56.9,5.22,33.0,1610,981,0
80.1,5.15,28.6,1487,143,0
66.7,4.91,26.3,1720,585,0
82.7,0.5,31.0,1317,435,0
73.2,2.87,32.9,1672,635,0
67.9,3.69,34.3,1297,970,0
78.0,4.32,37.4,1542,823,0
67.7,2.13,32.4,1618,627,0
67.7,5.78,24.6,1462,37,0
62.5,4.43,40.1,1607,336,0
74.8,3.33,35.8,1359,327,0
79.0,4.27,34.2,1691,722,0
83.2,3.66,36.7,1378,138,0
73.9,3.16,22.7,1338,238,0
83.4,4.68,28.2,1455,115,0
75.1,3.53,27.6,1468,690,0
74.3,2.38,35.9,1311,2,0
79.6,3.31,24.3,1638,377,0
83.5,3.93,28.5,1454,350,0
72.3,2.78,37.6,1600,893,0
73.0,5.59,33.3,1180,54,0
73.7,2.77,28.2,1216,737,0
75.7,6.18,39.3,1425,448,1
67.8,5.15,23.5,1280,323,0
83.2,2.94,32.3,1452,33,0
71.8,4.23,28.9,1591,392,0
78.7,5.49,32.6,1702,968,1
68.4,3.85,28.7,1773,746,0
77.9,2.64,25.9,1636,158,0
78.1,4.21,31.1,1337,128,0
71.6,6.46,23.6,1589,540,0
91.2,2.29,32.7,1374,643,0
78.0,4.74,28.5,1587,928,0
89.2,4.09,34.6,1268,947,1
82.7,3.94,27.9,1748,868,0
69.7,3.61,26.8,1562,128,0
71.9,3.7,32.0,1422,445,0
78.5,5.32,36.1,1207,219,0
75.5,4.8,19.9,1535,614,0
75.4,2.88,30.6,1374,252,0
72.7,5.95,33.1,1529,432,0
60.5,2.52,23.1,1337,894,0
73.2,4.88,25.7,1371,264,0
57.3,4.3,33.2,1603,878,0
78.0,5.52,26.0,1775,610,0
69.2,4.51,26.9,1226,264,0
69.3,5.35,38.5,1440,682,0
73.2,4.05,25.4,1557,656,0
77.2,5.25,25.8,1449,391,0
63.5,4.5,18.7,1391,842,0
61.0,6.66,24.7,1912,760,0
66.5,3.25,24.0,1311,595,0
58.7,5.52,38.5,1552,676,0
67.3,4.64,36.1,1382,822,0
87.7,4.3,23.8,1460,575,0
66.5,3.41,39.7,1022,730,0
80.2,4.62,33.8,1657,490,0
64.0,2.32,29.2,1437,446,0
77.4,2.44,34.0,1286,366,0
72.4,4.94,31.9,1812,373,0
74.5,2.22,26.3,1424,827,0
79.6,5.81,21.4,1357,362,0
89.0,3.76,25.6,1311,564,0
76.6,4.39,30.0,1693,378,0
76.0,4.18,28.3,1486,593,0
67.2,4.59,26.4,1418,125,0
79.7,3.75,34.8,1215,30,0
73.0,3.65,24.8,1299,360,0
81.7,3.94,34.4,1549,264,0
74.7,5.35,27.7,1476,857,1
88.9,5.45,30.6,1077,778,1
59.1,5.62,24.5,1305,859,0
72.6,4.53,30.0,1525,485,0
82.1,3.85,26.2,2016,652,0
72.2,2.08,21.4,1329,759,0
68.7,4.86,29.9,1035,321,0
72.9,5.1,29.8,1633,105,0
64.0,3.61,34.1,1384,968,0
76.0,5.06,31.4,1216,933,0
94.5,5.64,25.0,1592,68,1
84.2,4.2,27.0,1433,174,0
66.1,5.36,17.8,1287,834,0
68.0,4.46,24.5,1217,659,0
71.8,2.01,36.4,1455,792,0
83.0,3.52,37.5,1497,485,0
68.4,3.6,33.8,1124,224,0
69.5,4.73,31.5,1677,180,0
82.1,3.06,32.9,1226,909,0
81.9,3.57,32.4,1760,542,0
72.0,2.94,21.5,1546,527,0
66.1,4.05,25.7,1442,610,0
62.6,4.18,35.9,1547,684,0
69.4,5.26,35.9,1361,275,0
57.2,5.05,31.2,1467,81,0
81.0,4.29,28.5,1809,922,1
70.0,4.38,28.1,1366,180,0
78.9,4.22,27.3,1643,740,0
89.9,4.23,25.5,1300,443,0
84.4,5.95,20.5,1476,328,1
65.8,1.11,30.8,1673,923,0
82.0,3.88,27.8,1240,726,0
84.3,4.47,29.0,1547,776,0
69.0,5.45,38.5,1050,292,0
67.4,2.78,32.9,1250,716,0
74.1,4.51,26.6,1396,363,0
62.2,5.13,32.9,1656,756,0
86.8,3.56,22.6,1623,869,0
55.8,1.8,35.2,1297,87,0
66.1,3.66,31.3,1454,807,0
72.8,2.65,29.1,1517,351,0
73.2,4.87,32.8,1167,38,0
76.3,3.07,37.2,1565,699,0
77.2,6.23,27.7,1750,813,1
73.3,4.26,25.1,1729,238,0
84.1,3.13,40.5,1362,679,0
57.9,3.49,30.1,1398,649,0
75.0,2.78,37.4,1293,558,0
69.3,4.56,26.7,1381,892,0
76.1,5.88,31.9,1430,737,0
76.8,3.83,26.9,1616,547,0
67.7,5.2,33.2,1496,973,0
69.9,2.96,28.7,1294,28,0
81.3,4.46,26.7,1644,644,0
77.8,6.86,37.7,1656,674,1
69.6,2.41,31.7,1358,676,0
91.3,5.57,20.0,1431,782,1
93.5,5.5,28.9,1459,497,1
63.3,1.84,25.5,1151,139,0
77.4,2.37,24.0,1507,639,0
95.1,2.92,27.1,1615,81,0
81.3,5.25,27.7,1869,849,1
76.8,3.58,30.2,1518,715,0
73.3,3.89,26.1,1423,112,0
70.7,4.94,20.8,1451,709,0
73.3,4.23,27.4,1602,214,0
70.6,4.36,34.4,1639,791,0
81.0,3.71,23.3,1308,42,0
71.8,5.44,33.1,1519,22,0
71.5,3.16,32.3,1611,383,0
65.4,6.1,27.8,1079,425,0
74.6,3.69,31.5,1755,403,0
67.8,3.13,26.3,1438,6,0
73.6,4.87,28.0,1655,0,0
83.3,4.63,24.9,1471,467,0
77.9,1.71,32.3,1431,683,0
79.0,4.36,36.8,1466,961,1
77.8,2.47,26.6,1538,791,0
75.5,3.09,35.9,1655,327,0
74.0,5.03,19.4,1428,467,0
72.5,3.05,25.6,1257,735,0
81.1,4.52,25.0,1341,337,0
66.3,3.63,38.6,1286,601,0
85.7,6.41,27.1,1633,399,1
75.3,3.97,33.9,1289,732,0
69.0,2.68,19.8,1785,367,0
71.1,2.76,30.6,1507,111,0
69.6,3.0,32.8,1464,452,0
76.3,4.24,29.8,1743,446,0
69.3,4.08,16.5,1408,561,0
84.1,5.25,30.9,1423,298,0
68.7,4.28,34.0,1638,327,0
56.8,4.24,36.6,1630,790,0
69.2,4.47,32.0,1282,769,0
58.9,3.93,21.6,1974,38,0
74.7,4.43,29.0,1596,495,0
83.5,5.02,34.5,1231,772,1
80.2,5.02,25.9,1447,59,0
64.3,3.43,32.8,1668,458,0
68.9,1.96,27.6,1526,189,0
89.2,3.11,30.5,1654,543,0
77.5,4.42,33.8,1956,403,0
75.0,1.09,26.5,1669,633,0
83.4,3.51,44.3,1885,632,0
94.6,4.62,30.8,1619,62,1
85.4,3.4,31.7,1350,375,0
76.1,2.73,26.3,1786,58,0
77.8,6.18,30.3,1344,955,1
79.9,5.74,28.7,1675,48,0
70.1,3.76,22.7,1615,194,0
66.5,5.66,22.4,1315,121,0
75.4,5.63,31.4,1344,130,0
67.4,2.72,29.6,1450,552,0
74.5,7.29,16.9,1566,244,0
75.8,2.95,19.3,1752,722,0
93.7,3.76,28.5,1501,976,1
68.2,2.76,29.7,1867,828,0
74.0,4.16,33.0,1662,305,0
73.7,2.49,23.8,1359,251,0
78.5,4.06,33.0,1364,150,0
83.4,5.37,28.5,1505,717,0
71.1,4.32,27.5,1385,96,0
68.4,3.75,29.3,1471,990,0
61.9,5.92,34.9,1645,814,0
67.6,2.99,32.8,1542,723,0
79.3,5.23,34.4,1685,948,1
75.4,3.7,26.6,1353,9,0
66.9,4.32,28.6,1318,141,0
72.0,4.1,24.2,1211,499,0
75.3,4.22,27.2,1135,664,1
79.0,4.0,28.0,1402,106,0
70.3,3.12,27.7,1505,535,0
73.0,3.38,33.6,1452,62,0
60.5,4.59,32.1,1493,388,0
65.8,3.93,33.8,1901,140,0
87.9,2.66,30.6,1274,787,0
57.5,3.21,35.4,1439,763,0
72.3,3.23,30.6,1395,821,0
76.8,3.99,34.8,1311,403,0
72.0,4.27,32.5,1763,160,0
68.5,4.16,33.7,1487,754,0
74.5,3.27,29.7,1744,427,0
75.0,4.07,23.8,1268,126,0
74.3,2.41,22.8,1869,19,0
60.0,0.59,39.8,1947,294,0
73.8,3.98,31.9,1320,615,0
68.2,2.06,32.2,1492,490,0
70.6,2.91,29.2,1468,401,0
76.8,2.6,27.7,1606,12,0
80.1,4.8,44.4,1234,540,0
82.2,2.59,24.4,1588,999,0
71.0,4.37,29.7,1640,181,0
82.4,3.45,29.7,1375,780,0
84.4,2.56,24.3,1042,83,0
84.1,2.15,23.6,1359,757,0
86.1,4.59,26.5,1416,425,0
73.8,4.5,28.3,1648,725,0
73.6,4.96,27.6,1371,642,0
81.6,6.23,34.1,1265,341,0
64.1,4.36,24.1,1619,840,0
76.7,4.37,32.0,1570,459,0
70.8,3.88,37.3,1642,985,0
72.0,4.15,34.5,1505,774,0
61.1,3.61,24.3,1707,18,0
67.9,2.95,15.2,1598,759,0
74.8,6.42,34.2,1139,583,0
82.1,1.79,32.5,1536,906,0
82.9,4.33,27.1,1650,597,0
74.4,4.55,36.4,1503,616,0
73.5,4.2,28.0,1788,610,0
68.4,2.86,30.5,1405,222,0
78.2,3.79,24.8,1636,483,0
73.0,3.46,31.6,1250,875,0
79.8,2.73,27.8,1496,159,0
89.0,3.96,27.5,1386,388,0
74.7,3.52,35.4,1296,781,0
63.0,3.35,31.1,1235,880,0
68.1,4.83,22.5,1541,176,0
63.3,2.74,33.5,1582,267,0
65.4,4.53,34.2,1369,745,0
85.4,3.27,25.8,1249,756,0
76.8,4.52,28.0,1321,278,0
62.8,4.09,30.3,1648,128,0
80.2,4.29,28.8,1256,83,0
85.1,2.83,30.6,1724,920,0
72.1,3.07,33.2,1163,958,0
69.6,2.97,27.5,1552,15,0
72.3,4.21,40.4,1630,385,0
77.3,4.89,26.4,1741,286,0
80.1,5.29,27.3,1411,427,0
84.5,3.4,39.8,1344,538,0
84.7,4.1,41.9,1212,480,0
84.5,2.06,30.2,1679,568,0
85.9,1.34,29.1,1471,529,0
80.3,2.95,24.6,1405,538,0
62.8,3.19,35.7,1413,903,0
74.0,2.13,30.9,1548,279,0
77.5,1.86,25.8,1504,192,0
71.9,4.63,32.0,1733,857,0
82.3,3.03,36.9,1067,491,0
72.1,1.97,33.4,1666,91,0
67.6,6.77,41.0,1391,728,0
86.6,4.19,35.8,1482,564,1
80.3,3.6,32.2,1435,715,0
76.8,4.79,29.8,1480,265,0
82.4,3.07,32.8,1649,886,0
83.5,5.88,36.1,1542,179,0
77.7,2.14,34.3,1209,807,0
55.3,2.41,35.3,1484,301,0
69.6,3.81,31.1,1478,863,0
71.3,3.06,33.8,1572,829,0
67.1,5.66,36.1,1506,795,0
76.6,2.06,29.2,1482,704,0
84.5,3.1,23.5,1703,783,0
71.1,4.26,38.6,1280,797,0
65.9,4.64,32.9,1934,725,0
91.2,5.17,27.8,1385,95,0
71.4,4.38,31.2,1291,376,0
65.1,6.6,28.8,1655,875,0
76.9,3.4,21.5,1713,22,0
78.4,4.17,29.1,1749,175,0
69.4,4.99,22.9,1790,828,0
81.3,3.58,31.0,1594,874,0
71.1,3.61,29.5,1512,777,0
67.6,3.41,35.7,1574,676,0
76.4,3.19,29.4,1498,562,0
81.2,2.61,31.9,1391,259,0
69.9,3.29,28.5,1820,366,0
77.6,2.1,28.1,1863,259,0
74.3,4.41,23.0,1501,436,0
97.6,2.05,35.0,1453,600,1
69.3,6.42,30.9,1401,487,0
86.1,5.99,27.1,1163,999,1
74.6,5.27,31.0,1364,840,1
74.0,3.7,27.9,1396,575,0
80.8,3.25,26.4,1496,134,0
82.2,5.41,31.2,1299,269,0
85.1,4.17,36.1,1119,118,0
77.6,4.62,28.7,1630,193,0
70.2,3.09,22.9,1844,368,0
70.7,5.22,26.9,1074,149,0
79.1,2.99,39.0,1473,196,0
79.6,4.07,25.9,1671,989,0
86.2,1.88,35.9,1267,476,0
78.3,3.16,28.8,1213,132,0
83.5,4.54,33.7,1507,862,0
87.1,3.4,29.5,1454,472,0
76.3,3.41,22.1,1373,943,0
63.1,4.89,27.9,1829,660,0
65.6,3.85,40.6,1800,654,0
63.5,5.43,29.3,1632,813,0
87.7,1.05,32.8,1488,75,0
68.2,4.62,28.3,1436,534,0
84.9,4.55,29.3,1678,817,1
79.7,2.09,31.6,1455,26,0
88.7,2.39,32.4,1800,691,0
83.0,4.99,41.1,1752,518,1
74.2,2.66,29.9,1382,213,0
73.4,3.18,29.1,1655,206,0
75.7,4.65,26.7,1817,986,0
76.4,3.54,23.4,1635,902,0
70.8,4.51,22.0,1315,907,0
74.7,2.9,33.3,1451,77,0
87.9,4.29,20.7,1437,689,0
61.4,5.23,37.0,1529,517,0
77.1,4.33,34.3,1512,69,0
67.7,1.31,28.5,1435,789,0
76.5,4.72,24.2,1678,115,0
81.7,4.01,30.2,1777,788,0
74.5,2.85,30.1,1394,156,0
81.2,5.6,35.6,1212,937,1
62.3,1.85,26.3,1582,716,0
83.9,6.18,28.1,1509,484,1
70.2,3.18,29.7,1592,409,0
80.0,5.82,28.6,1372,564,0
76.5,3.88,26.9,1567,62,0
54.3,2.35,21.4,1327,878,0
69.0,4.05,21.8,1728,784,1
76.8,4.33,26.6,1846,839,0
87.4,4.58,28.9,1324,911,1
77.3,5.2,35.0,991,651,0
77.1,2.86,41.6,1413,601,0
63.7,4.52,38.6,1406,764,0
86.4,4.82,32.0,1551,374,0
89.5,3.61,39.4,1516,889,0
75.2,2.82,29.4,1611,237,0
73.2,2.79,27.4,2055,617,0
62.0,4.83,41.6,1401,537,0
82.1,4.89,24.7,1438,815,0
96.6,2.94,27.9,1600,912,0
80.7,2.33,28.7,1143,331,0
85.1,5.41,37.3,1671,496,1
79.3,2.08,27.0,1389,381,0
67.1,4.12,33.9,1226,318,0
85.7,2.97,28.0,1345,934,0
65.1,1.84,23.9,1615,646,0
73.3,4.08,31.2,1683,758,0
77.2,3.71,30.9,1764,171,0
82.1,5.65,24.2,1602,853,0
78.3,6.65,25.7,1370,806,1
78.1,3.71,26.1,1626,228,0
68.9,5.16,34.8,1500,243,0
64.7,5.18,32.3,1983,548,0
75.5,3.31,31.2,1104,614,0
69.3,2.9,32.5,1838,338,0
64.5,5.86,27.6,1670,907,0
64.9,3.5,32.4,1598,821,0
71.1,3.9,27.0,1498,423,0
60.2,3.59,23.4,1405,88,0
64.2,3.77,26.5,1324,237,0
61.9,3.21,31.1,1206,261,0
76.5,4.83,30.5,1925,630,0
78.3,5.43,35.3,1705,578,0
91.1,3.49,21.6,1653,978,1
63.0,2.28,28.9,1591,566,0
69.6,3.99,32.0,1135,398,0
82.3,2.16,25.2,1463,517,0
73.3,3.17,31.3,1543,779,0
72.4,5.4,28.0,1751,718,0
88.7,6.7,24.4,1319,856,1
72.3,4.38,35.6,1574,388,0
65.8,2.66,23.1,1472,585,0
64.5,4.86,35.0,1526,787,0
77.7,1.25,28.0,1364,92,0
77.4,3.1,25.3,1592,472,0
64.0,5.75,25.6,1536,667,0
67.1,4.82,26.3,1146,820,0
79.3,2.28,25.8,1763,975,0
79.6,1.95,31.4,1960,87,0
69.9,4.95,20.7,1345,964,0
80.0,3.88,36.2,1751,41,0
79.6,3.22,34.2,1325,755,0
60.7,4.43,37.0,1416,68,0
72.5,3.25,25.1,1874,97,0
78.3,1.64,18.5,1562,360,0
70.4,4.9,26.9,1825,826,0
57.9,3.16,29.2,1581,321,0
72.7,2.73,31.6,1725,7,0
81.0,2.34,27.4,1490,503,0
87.6,4.23,29.6,1810,388,0
57.5,2.97,30.8,1881,114,0
95.9,4.68,22.3,1659,5,0
66.0,3.61,39.1,1410,741,0
82.7,5.22,24.4,1450,329,0
84.9,3.47,31.4,1335,312,0
82.9,3.15,35.4,1645,456,0
76.2,1.58,26.1,1629,104,0
65.7,2.62,30.1,1385,726,0
80.0,4.79,38.2,1708,590,0
69.3,7.58,28.6,1409,221,0
54.8,2.44,35.3,1889,622,0
97.6,2.69,31.5,1690,429,0
80.7,4.34,31.2,1844,372,0
89.5,4.5,33.6,1383,483,0
67.7,3.12,28.9,1327,853,0
86.7,4.03,29.0,1161,26,0
87.7,2.01,34.9,1655,28,0
87.4,3.58,31.4,1301,330,0
74.8,5.01,32.5,1795,253,0
65.4,5.88,24.1,1556,458,0
73.6,3.73,30.1,1680,737,0
57.4,3.62,36.1,1270,484,0
61.4,4.47,34.6,1409,358,0
75.7,5.26,31.8,1564,636,0
67.1,4.52,27.5,1675,721,0
73.7,3.04,27.0,1270,946,0
74.1,4.36,32.3,1596,651,0
90.4,5.09,37.2,1362,917,1
85.4,3.08,30.3,1690,40,0
74.6,2.34,36.6,1482,777,0
84.7,4.54,28.6,1468,133,0
68.8,4.37,36.1,1615,247,0
72.3,5.09,25.1,1759,982,1
82.3,4.04,31.0,1480,950,0
65.1,3.17,24.7,1773,356,0
72.8,3.41,33.4,1329,815,0
64.4,2.71,32.9,1585,467,0
75.9,2.81,25.3,1305,169,0
88.1,3.27,26.4,1571,94,0
69.0,3.36,27.9,1346,372,0
76.8,5.27,22.6,1535,297,0
67.8,2.47,25.5,1652,569,0
65.8,3.88,25.8,1335,635,0
65.1,3.23,34.0,1178,977,0
86.6,5.71,37.0,1493,450,1
93.9,4.25,27.9,1632,753,0
78.9,3.49,28.6,1574,753,0
69.3,4.91,31.1,1346,356,0
80.6,4.02,27.5,1694,69,0
72.3,3.37,28.7,1470,623,0
81.4,5.77,34.3,1680,866,1
77.3,4.79,31.2,1351,409,0
77.2,6.01,29.7,1615,171,0
79.9,5.32,27.2,1762,128,0
70.4,4.87,37.4,1395,285,0
71.8,4.1,27.0,1469,995,0
61.2,2.65,30.7,1650,873,0
71.5,4.79,24.9,1631,939,0
63.6,4.03,27.1,1597,221,0
73.8,4.75,30.5,1502,372,0
67.3,3.93,28.1,1215,673,0
75.8,3.12,32.7,1525,169,0
78.6,2.74,30.4,1269,93,0
63.6,4.78,23.2,1543,95,0
68.5,5.49,18.5,1060,473,0
67.5,3.6,35.0,1811,589,0
81.0,4.49,27.2,1904,293,0
88.7,5.6,37.5,1614,771,1
81.8,2.95,30.1,1357,529,0
72.2,3.54,26.3,1465,366,0
86.7,2.61,32.9,1702,221,0
62.9,5.35,28.7,1656,723,0
87.0,4.26,30.1,1386,393,0
69.8,3.4,25.4,1763,860,0
52.8,1.97,33.3,1669,967,0
96.2,3.73,35.5,1631,668,1
87.6,5.14,27.4,1455,763,1
66.7,3.6,39.0,1524,434,0
76.4,3.44,27.2,1383,805,0
73.3,4.71,31.3,1562,306,0
75.8,2.48,21.9,1393,152,0
63.1,4.01,20.5,1757,680,0
69.5,4.66,40.6,1532,677,0
78.7,3.02,37.2,1566,331,0
76.8,2.96,35.8,1590,684,0
84.6,4.25,21.6,1588,921,0
75.6,3.83,31.2,1242,301,0
93.8,3.67,32.2,1778,731,0
69.3,4.2,30.5,1543,478,0
77.1,4.22,31.6,1415,347,0
59.7,2.85,25.5,1332,971,0
65.0,3.16,29.3,1389,658,0
85.6,4.49,24.4,1402,37,0
67.5,5.29,28.3,1526,741,0
79.2,5.57,31.9,1353,826,0
74.5,2.95,26.2,1545,488,0
66.6,5.26,28.7,1552,81,0
72.2,4.86,27.9,1386,770,0
70.9,3.92,30.1,1961,411,0
71.1,4.54,34.7,1500,812,1
81.0,4.94,31.2,1590,404,0
80.2,6.09,32.0,1545,441,1
70.4,2.7,22.9,1491,731,0
67.7,4.67,28.2,1656,268,0
77.3,3.79,34.1,1796,882,0
74.2,3.71,25.8,1508,258,0
83.2,5.32,27.9,1352,868,1
96.2,4.93,25.2,1630,780,1
81.7,2.75,36.7,1095,289,0
74.7,3.62,27.8,1553,727,0
73.6,4.23,26.4,1484,593,0
68.1,2.28,33.1,1586,362,0
67.7,4.99,35.5,1222,547,0
67.0,3.87,32.5,1434,164,0
71.8,4.15,35.0,1317,16,0
71.6,4.36,31.1,1413,972,0
80.9,6.11,29.4,1636,702,1
71.8,4.01,27.8,1480,771,0
73.4,3.54,27.5,1401,349,0
65.3,6.03,27.1,1753,13,0
88.2,3.37,31.9,1521,31,0
79.1,3.34,29.5,1117,306,0
89.3,2.31,30.5,1311,251,0
81.4,5.25,33.1,1598,498,0
86.9,4.29,29.8,1603,275,0
73.0,4.52,23.2,1560,912,0
80.7,4.16,26.1,1567,378,0
96.6,3.8,24.5,1337,334,0
65.2,3.03,20.5,1496,362,0
84.4,3.04,30.6,1279,240,0
88.6,4.48,24.1,1348,122,0
78.4,4.11,23.6,1333,649,0
81.1,5.9,24.7,1347,331,1
85.2,3.06,34.4,1445,401,0
69.6,3.39,28.5,1467,908,0
78.3,2.75,35.0,1353,763,0
67.9,5.6,29.6,1724,927,1
69.5,2.5,27.9,1420,641,0
69.9,4.88,32.9,1813,776,0
73.8,5.67,33.0,1707,753,1
76.2,3.8,30.6,1270,451,0
78.7,4.83,24.9,1684,875,1
63.4,1.44,27.7,1232,346,0
91.2,3.51,24.1,1793,307,0
84.5,2.0,28.7,1572,556,0
80.9,4.17,30.5,1311,595,0
72.1,3.98,37.4,1074,630,0
74.3,3.05,37.1,1427,599,0
79.5,5.09,33.4,1238,70,0
78.4,4.39,34.8,1721,823,0
61.2,3.35,31.2,1259,762,0
81.1,3.36,43.9,1458,941,1
98.9,2.22,37.7,1600,289,0
59.9,3.75,43.2,1505,253,0
83.2,6.48,31.9,1554,768,1
78.0,3.13,32.1,1453,127,0
74.1,4.47,35.3,1644,361,0
86.3,3.32,31.0,1318,974,0
65.3,4.92,31.6,1614,362,0
76.3,4.49,25.1,1264,515,0
87.0,3.69,34.7,1536,435,0
73.4,1.85,30.7,1276,755,0
71.6,3.36,34.1,1461,687,0
75.9,5.39,28.9,1616,373,0
71.3,3.68,21.1,1744,730,0
87.7,4.72,32.5,1145,557,1
67.5,3.4,35.8,1349,380,0
82.2,1.76,23.6,1308,374,0
64.7,4.48,25.2,1739,462,0
80.5,4.35,28.5,1329,454,0
74.1,3.28,28.8,1638,9,0
53.8,3.53,21.5,1398,15,0
75.0,4.31,38.8,1215,197,0
66.2,3.27,35.1,1521,684,0
71.3,4.38,26.9,1274,970,0
87.7,3.73,20.9,1643,7,0
65.8,1.17,31.8,1662,5,0
66.3,3.8,39.9,1761,531,0
86.8,3.26,34.1,1298,838,1
76.0,2.98,35.8,1809,864,0
87.7,4.45,25.3,1689,139,0
77.7,3.39,31.2,1145,312,0
67.7,4.61,22.5,1935,658,0
74.5,5.27,39.9,1830,832,0
85.1,4.14,32.8,1293,862,0
82.7,2.14,19.5,1563,342,0
75.0,3.1,20.8,1233,676,0
75.4,5.06,32.4,1471,601,0
74.1,3.67,30.7,1534,220,0
70.2,3.02,28.4,1620,750,0
90.9,3.87,33.1,1335,142,0
75.1,4.57,40.0,1492,693,0
65.7,4.28,31.8,1314,395,0
71.1,4.74,21.0,1573,777,0
81.0,3.0,29.2,1629,792,0
80.3,3.65,23.4,1512,149,0
73.9,3.68,26.0,1725,549,0
69.5,3.95,31.6,1647,892,0
75.2,1.49,29.1,1571,654,0
61.2,3.69,24.7,1727,440,0
64.3,2.38,29.8,1252,190,0
81.6,5.62,25.9,1490,171,1
71.1,5.82,32.6,1147,546,0
78.1,5.97,28.8,1494,787,1
85.0,4.94,31.9,1405,812,0
80.3,3.4,28.6,1661,823,0
75.2,5.11,33.7,1410,630,0
92.5,3.74,29.3,1371,961,1
80.5,4.7,29.9,1479,554,0
72.1,2.91,27.1,1471,536,0
81.0,3.28,30.7,1599,946,0
78.4,4.53,21.1,1325,799,1
68.0,6.08,43.3,1201,817,0
75.6,3.95,26.6,1183,377,0
73.6,6.65,30.4,1725,556,0
58.8,7.25,27.6,1248,105,0
73.6,2.46,27.5,1406,819,0
72.7,3.95,32.0,1279,275,0
71.4,2.85,27.4,1672,651,0
61.5,3.81,27.8,1386,33,0
72.1,3.35,23.1,1740,350,0
74.7,3.9,25.3,1358,139,0
75.8,5.12,24.1,1556,381,0
65.7,5.09,38.9,1648,632,0
80.2,4.29,23.3,1689,529,0
65.0,3.98,24.6,1262,53,0
73.2,4.12,30.9,1425,511,0
85.7,4.13,37.1,1482,19,0
69.3,4.66,21.5,1136,442,0
70.8,3.99,22.2,1639,789,0
83.8,4.58,30.6,1575,574,0
71.8,2.43,31.6,1599,375,0
72.6,4.92,22.9,1223,645,0
76.8,6.05,20.9,1535,571,0
83.6,4.2,25.1,1585,391,0
56.9,2.3,33.7,1702,392,0
68.2,5.59,29.7,1395,675,0
66.7,3.59,33.6,1633,637,0
66.1,0.5,29.4,1887,649,0
68.0,3.72,29.8,1413,133,0
68.1,4.7,33.0,1417,938,0
77.5,4.44,29.3,1435,870,0
67.7,5.46,31.1,1204,160,0
76.0,4.72,25.4,1427,765,0
78.3,4.13,26.9,1820,364,0
69.0,1.64,32.3,1315,814,0
76.1,2.66,28.7,1461,506,0
88.4,4.2,26.2,1736,637,0
77.6,4.79,33.2,1611,610,0
69.8,2.76,32.6,1544,643,0
74.5,3.26,29.9,1433,624,0
67.5,4.54,26.1,1476,649,0
77.2,1.72,34.4,1502,481,0
82.1,1.67,42.4,1635,517,0
68.3,3.71,25.8,1515,142,0
73.3,4.28,22.2,1685,626,0
84.1,3.42,26.0,1131,383,0
70.9,1.26,25.2,1662,55,0
76.5,4.01,23.6,1395,777,0
66.6,2.41,24.0,1502,667,0
68.3,4.76,34.1,1416,372,0
70.8,3.86,34.2,1627,666,0
92.4,4.3,37.3,1476,994,1
71.7,4.75,33.6,1623,145,0
70.8,3.36,27.5,1341,742,0
70.5,4.97,35.3,1537,998,0
73.7,5.46,26.8,1743,111,0
80.2,4.46,28.1,1720,226,0
76.5,5.56,24.0,1430,326,0
91.5,3.24,36.0,1528,964,1
76.7,5.07,34.9,1427,8,0
86.6,4.31,27.6,1476,536,0
77.2,2.81,28.3,1504,248,0
79.8,3.89,30.1,1739,150,0
63.5,3.36,30.9,1615,9,0
74.0,3.33,34.1,1788,400,0
74.4,4.09,30.2,1804,311,0
73.1,5.25,31.9,1250,361,0
57.8,3.61,22.4,1561,798,0
82.0,4.13,28.4,1412,426,0
71.9,2.24,20.9,1181,383,0
71.5,4.11,38.8,1287,536,0
73.0,5.36,36.8,1401,491,0
73.2,4.95,33.4,1830,716,0
78.3,4.55,35.4,1518,609,0
64.8,3.36,39.9,1464,428,0
67.6,2.83,34.6,1495,995,0
77.3,3.87,21.9,1353,963,0
76.2,2.4,28.8,1535,656,0
72.0,2.52,18.1,1483,819,0
70.4,5.11,25.8,1179,171,0
68.3,2.9,23.6,1396,939,0
74.5,6.12,29.8,2162,877,0
84.4,2.29,31.8,1625,522,0
66.5,4.5,25.2,1482,243,0
87.2,2.59,28.4,1632,550,0
81.8,4.19,31.2,1310,742,1
71.4,2.75,29.1,1519,529,0
81.3,4.03,28.9,1674,563,0
63.3,3.8,17.8,1185,396,0
61.1,3.45,27.6,1357,633,0
64.7,4.59,33.8,1422,800,0
71.7,5.78,31.1,1446,826,1
72.4,3.28,22.4,1401,210,0
70.9,5.04,28.5,1555,845,0
75.8,4.09,31.2,1701,645,0
57.9,3.95,25.0,1569,337,0
79.0,6.59,33.2,1702,861,0
63.6,1.41,25.8,1706,216,0
69.7,3.18,28.2,1384,139,0
71.7,1.83,29.3,1555,757,0
65.8,3.61,41.0,1428,981,0
64.0,3.71,28.2,1630,314,0
67.0,8.52,27.0,1433,509,1
74.9,4.4,33.4,1465,344,0
79.7,6.12,27.5,1834,619,1
79.5,5.53,30.8,1467,863,1
67.0,3.46,18.6,1196,880,0
68.7,4.56,31.3,1525,674,0
67.6,5.97,29.7,1560,696,0
78.6,4.19,23.4,1403,336,0
58.7,4.23,36.6,1515,418,0
84.9,4.58,28.6,1702,45,0
71.1,2.2,28.8,1400,163,0
68.7,3.02,23.2,1465,207,0
77.7,4.39,21.7,1363,625,0
83.3,4.63,27.0,1567,626,0
77.7,2.89,22.2,1477,32,0
83.4,3.6,32.3,1321,253,0
76.1,3.84,34.2,1472,705,0
84.8,3.81,26.6,1860,849,0
85.0,4.81,21.8,1168,687,0
74.2,4.11,27.8,1231,536,0
86.5,4.18,24.5,1568,29,0
76.3,2.3,30.6,1231,479,0
75.7,2.73,30.7,1884,999,0
67.6,4.37,27.7,1211,162,0
72.7,2.09,30.2,1247,236,0
81.2,4.3,35.0,1402,811,1
64.5,3.2,38.3,1713,789,0
80.2,3.02,27.2,1659,812,0
77.8,4.75,33.4,1614,434,0
77.2,3.18,28.6,1561,25,0
57.3,2.96,24.5,1757,785,0
74.2,3.18,36.2,1147,918,0
80.2,4.05,31.8,1557,546,0
68.9,7.25,30.5,1782,391,0
75.7,1.46,31.6,1294,143,0
56.0,3.96,29.0,1565,281,0
80.4,3.69,24.5,1742,524,0
69.7,5.11,38.7,1747,771,0
82.0,3.54,34.3,1476,104,0
60.3,1.04,31.1,1866,475,0
80.5,5.56,34.6,1601,19,0
73.1,2.68,36.2,1712,549,0
81.5,3.9,28.8,1294,498,0
67.6,2.35,32.7,1355,484,0
70.1,2.67,28.2,1354,251,0
92.9,3.38,33.0,1848,138,0
68.4,5.0,28.5,1048,881,0
69.4,4.98,42.0,1145,944,1
72.8,3.26,28.0,1659,549,0
66.8,4.57,32.4,1531,953,0
84.5,3.53,32.1,926,397,0
88.8,4.11,28.1,1426,381,0
69.4,4.16,34.5,1443,365,0
61.2,4.71,29.4,1739,84,0
84.4,3.24,27.7,1130,339,0
83.9,3.81,29.8,1400,422,0
81.6,4.23,26.0,1711,705,0
84.3,4.08,35.8,1652,305,0
68.1,3.02,32.9,1324,388,0
73.7,6.02,34.7,1447,757,0
63.9,3.42,23.0,1215,495,0
63.7,4.87,31.1,1769,611,0
82.8,4.21,25.9,1420,420,0
69.6,5.42,30.2,1751,192,0
93.2,1.36,36.2,1659,403,0
75.6,6.41,31.1,1331,554,1
69.9,3.71,28.9,1475,862,0
81.4,2.5,35.4,1630,374,0
89.4,4.12,34.8,1590,127,0
78.9,6.66,39.0,1800,27,0
65.3,4.57,20.5,1721,979,0
78.0,2.5,31.4,1567,624,0
86.0,3.41,27.7,1638,828,0
71.1,5.56,25.4,1366,811,0
68.8,2.29,30.4,1388,560,0
83.1,3.75,24.0,1621,207,0
76.1,3.61,18.6,1570,484,0
66.2,6.55,25.3,1289,89,0
72.0,3.62,28.5,1489,555,0
69.0,5.53,39.1,1349,928,0
77.4,3.16,26.2,1397,420,0
75.9,3.01,24.0,1756,486,0
84.2,5.16,19.9,1321,270,0
80.7,4.71,28.0,1378,827,1
62.5,1.9,28.6,1615,892,0
78.3,4.73,30.5,1520,568,0
82.2,4.73,22.6,1538,433,0
78.6,3.23,26.0,1225,143,0
83.2,4.23,18.5,1500,615,0
70.6,4.28,30.6,1433,180,0
67.4,3.38,21.9,1349,281,0
82.4,3.27,16.1,1397,338,0
66.5,3.16,35.6,1449,257,0
57.7,3.64,32.3,1669,691,0
83.2,2.38,31.6,1870,611,0
69.2,3.91,31.5,1527,860,0
72.6,2.18,24.6,1793,772,0
63.8,4.05,35.2,1528,808,0
64.4,3.86,24.6,1219,246,0
65.7,2.73,39.4,1518,583,0
72.1,4.98,30.9,1755,855,1
78.0,6.27,20.6,1778,599,1
56.6,5.54,34.1,1336,260,0
81.0,2.33,39.7,1940,724,0
65.5,5.48,28.5,1364,357,0
66.5,4.22,35.1,1365,630,0
80.4,3.9,28.7,1406,833,0
74.4,3.25,26.7,1788,532,0
62.7,3.95,16.9,1585,460,0
89.8,5.61,36.0,1683,472,1
68.1,4.61,27.6,1077,641,0
77.0,3.47,31.7,1497,914,0
76.6,3.16,24.1,1486,494,0
86.3,3.46,25.3,1643,639,0
71.4,4.66,35.4,1417,684,0
83.1,6.18,27.9,1739,789,1
69.1,2.7,27.8,1374,97,0
84.0,3.96,23.5,1238,557,0
68.9,3.5,30.9,1190,116,0
72.1,3.06,33.7,1753,28,0
90.2,4.43,27.5,1655,154,0
77.5,4.62,28.9,1357,983,1
75.9,2.27,23.7,1722,601,0
92.9,2.73,36.8,1475,783,0
77.9,5.38,26.7,1485,581,0
68.5,4.34,29.0,1225,630,0
80.9,4.58,38.2,1402,350,0
65.5,3.36,28.7,1530,664,0
84.0,3.51,22.0,1548,276,0
84.6,4.5,25.2,1400,547,0
70.4,3.37,28.0,1701,520,0
70.0,2.64,38.7,1787,534,0
76.4,3.96,30.9,1352,124,0
75.1,5.04,28.7,1587,513,0
67.2,2.73,34.0,1214,276,0
79.5,5.22,36.4,1589,20,0
58.7,4.79,26.0,1322,758,0
71.5,2.93,37.0,1479,124,0
71.8,3.97,34.1,1543,949,0
72.8,3.91,32.1,1462,508,0
77.5,4.71,18.0,1711,366,0
65.2,4.75,30.8,1359,33,0
79.7,2.41,36.8,1419,14,0
73.6,2.36,28.5,1572,682,0
69.8,5.18,41.4,1503,695,0
64.1,4.09,30.2,1559,355,0
65.5,4.45,24.7,1469,855,0
77.9,4.36,32.8,1354,294,0
67.3,5.78,31.3,1638,525,0
75.5,2.53,34.0,1525,143,0
83.5,5.25,28.7,1684,354,0
83.3,2.99,36.4,1767,725,1
87.5,4.82,27.1,1442,435,0
72.6,5.55,30.5,1367,271,0
66.3,2.32,23.6,1423,504,0
83.2,4.44,25.8,1385,840,0
77.5,3.63,30.9,1126,585,0
84.0,3.61,26.6,1827,267,0
75.1,4.01,27.6,1590,892,0
84.6,2.71,28.8,1961,110,0
81.8,2.82,31.1,1403,753,0
80.7,4.74,33.7,1625,446,0
79.0,4.96,33.7,1564,528,0
78.2,3.29,35.0,1497,258,0
76.9,2.23,30.9,1700,261,0
76.8,6.71,27.1,1512,155,0
82.9,5.26,21.9,1496,545,1
70.9,4.39,28.1,1542,723,0
88.9,2.74,25.9,1080,9,0
74.2,3.27,20.7,1373,283,0
82.9,4.25,38.2,1369,488,0
74.3,2.82,20.6,1829,969,0
73.0,5.86,31.7,1624,504,0
91.3,4.12,32.7,1662,549,1
72.5,4.42,28.7,1632,536,0
64.8,2.74,43.0,1474,168,0
69.3,2.88,30.0,1830,528,0
72.5,3.02,26.0,1471,161,0
92.2,4.29,38.8,1239,796,1
76.7,3.64,25.8,1633,781,0
82.5,3.62,22.6,1739,768,0
67.0,4.33,24.8,1532,221,0
77.8,4.23,26.6,1582,432,0
80.4,5.72,30.1,1696,90,0
89.4,3.73,31.6,1806,580,0
69.4,2.76,22.2,1624,201,0
79.8,3.95,31.7,1836,822,0
77.4,5.69,41.2,1568,543,0
66.8,3.3,26.3,1916,221,0
74.8,4.02,29.2,1247,575,0
72.9,3.54,33.4,1694,404,0
56.4,4.44,36.0,1567,665,0
79.8,4.26,26.5,1535,889,0
79.3,3.0,25.0,1266,22,0
71.5,3.69,24.8,1719,266,0
64.3,5.07,35.4,1475,870,0
86.8,5.25,34.5,1321,124,0
77.1,5.05,18.9,1391,568,0
83.1,4.98,19.0,1468,956,0
86.3,3.57,23.6,1532,218,0
70.8,3.53,22.3,1338,902,0
81.5,5.06,32.0,1335,265,1
73.1,2.58,31.0,1592,573,0
74.5,3.89,39.8,1499,669,0
74.3,1.77,33.9,1891,79,0
75.0,3.51,30.5,1431,854,0
83.9,3.13,35.9,1656,829,0
76.0,2.54,25.4,1848,25,0
73.8,4.64,22.8,1474,483,0
72.8,3.09,30.1,1702,925,0
77.7,3.53,34.7,1571,352,0
67.8,3.66,21.7,1523,441,0
71.0,3.09,34.4,1821,322,0
74.6,5.64,34.3,1321,70,0
70.5,3.38,27.3,1396,98,0
74.1,4.19,30.7,1172,669,0
70.1,2.42,28.5,1489,270,0
91.0,3.4,30.3,1702,953,0
85.6,3.58,34.0,1463,901,1
78.6,3.6,25.8,1670,727,0
74.6,3.27,35.2,1366,499,0
92.5,4.13,34.3,1732,763,0
77.6,5.8,34.5,1491,12,0
74.3,3.8,19.9,1420,947,0
77.4,3.8,20.4,1827,975,0
77.4,3.5,33.4,1510,594,0
86.3,6.95,26.9,1622,568,1
74.8,5.86,26.4,1535,746,0
91.8,4.62,26.0,1647,2,0
67.9,4.79,23.1,1535,697,0
80.6,3.12,28.4,1281,377,0
67.0,3.78,26.2,1566,4,0
89.5,4.21,26.6,1604,436,0
72.4,4.1,32.3,1587,925,0
74.5,2.95,23.9,1468,589,0
82.4,3.04,35.6,1860,263,0
85.0,4.57,18.6,1372,502,0
66.1,4.33,42.6,1536,826,0
72.2,1.48,23.0,1553,147,0
63.8,4.07,32.8,1304,960,0
76.1,5.46,34.5,1283,156,0
74.2,3.2,29.9,1640,132,0
72.2,4.25,33.7,1642,27,0
69.5,2.25,29.3,1539,888,0
71.9,4.94,20.9,1204,618,0
69.0,2.65,31.6,1456,649,0
79.2,2.49,35.7,1558,401,0
87.1,3.59,27.1,1631,105,0
59.6,6.75,21.3,1740,370,0
74.1,3.24,26.8,1599,166,0
71.7,2.48,31.5,1697,574,0
78.9,4.51,31.4,1831,659,0
67.4,4.23,35.5,1063,535,0
73.8,5.91,32.7,1702,379,0
66.7,2.47,32.5,1428,261,0
80.6,2.09,19.7,1604,681,0
75.8,3.59,41.2,1552,181,0
73.7,4.41,30.1,1316,930,0
78.0,4.38,34.3,1338,501,1
73.0,5.24,28.1,1595,535,0
62.6,2.21,29.1,1477,852,0
79.8,2.99,30.2,1652,119,0
77.3,3.81,37.9,1438,918,0
73.8,4.95,37.6,1923,895,1
82.9,4.52,33.0,1462,375,0
84.7,3.47,40.0,1909,170,0
66.3,2.76,27.9,1366,797,0
68.8,5.0,32.5,1619,44,0
87.4,5.08,27.6,1727,752,1
86.4,7.16,36.5,1260,726,1
69.1,3.75,30.1,1326,135,0
65.6,5.87,34.9,1589,1,0
69.9,2.54,38.7,1731,115,0
71.0,3.32,19.3,1773,708,0
62.3,3.17,41.0,1617,434,0
75.2,3.42,31.5,1712,970,0
64.8,2.93,28.3,1288,133,0
65.3,3.33,20.1,1430,961,0
82.3,3.9,28.4,1788,965,0
69.5,3.44,18.2,1405,309,0
74.4,4.74,30.4,1465,61,0
80.0,3.87,29.1,1178,833,0
81.5,3.96,39.2,1474,650,0
72.3,5.7,28.3,1206,714,0
75.4,4.33,35.4,1580,182,0
68.4,4.15,35.9,1792,53,0
89.0,3.94,40.5,1571,278,0
80.2,4.04,28.7,1543,871,0
66.2,4.64,33.8,1434,14,0
75.0,3.02,22.2,1616,813,0
80.7,5.31,24.3,1298,193,0
78.8,5.81,28.5,1422,305,0
89.6,5.32,29.8,1924,567,1
86.0,3.39,23.7,1260,892,0
70.7,2.09,27.8,1402,552,0
74.3,3.45,33.5,1242,560,0
64.7,4.15,27.6,1746,763,0
77.0,4.94,29.2,1464,702,0
76.2,3.75,25.4,1266,849,0
96.6,3.61,37.0,1269,312,0
75.8,5.75,39.1,1722,953,1
58.3,3.18,31.0,1638,969,0
69.6,5.22,29.4,1662,723,1
75.9,5.03,38.5,1497,55,0
65.0,2.4,32.4,1681,386,0
68.1,4.29,26.5,1760,793,0
72.1,3.31,23.1,1636,221,0
77.7,2.85,26.9,1201,484,0
73.7,1.79,41.2,1131,326,0
67.9,2.12,26.9,1228,162,0
81.3,4.45,44.8,1559,568,0
70.7,3.51,30.0,1221,363,0
71.0,4.29,28.9,1300,820,0
64.0,2.72,36.8,1514,88,0
68.7,3.59,28.7,1338,897,0
80.2,3.65,31.9,1261,377,0
62.1,2.15,24.6,1690,730,0
74.4,2.01,23.6,1600,217,0
80.7,4.48,26.2,1657,83,0
72.0,4.14,31.1,1682,49,0
76.9,2.87,26.6,1782,264,0
66.1,3.85,19.9,1497,217,0
85.5,4.74,32.4,1469,632,1
83.8,6.12,29.1,1167,617,1
76.9,2.92,28.5,1457,903,0
61.0,4.69,26.8,1389,617,0
66.6,6.46,18.4,1704,559,0
82.8,4.04,38.1,1632,264,0
88.7,5.69,27.5,1786,33,0
77.4,0.92,32.7,1712,618,0
85.0,5.67,37.1,1730,167,0
70.1,3.95,35.8,1604,997,0
73.5,1.76,31.0,1529,681,0
75.0,4.88,30.0,1429,33,0
78.4,5.2,31.6,1499,437,0
62.8,5.39,34.6,1319,94,0
82.5,5.38,33.0,1577,0,1
85.6,3.93,27.7,1486,395,0
65.8,3.09,32.3,1112,927,0
64.2,3.42,31.9,983,131,0
77.8,3.92,33.6,1361,989,0
69.8,4.44,31.0,1411,447,0
56.0,3.4,37.0,1443,303,0
81.5,4.02,31.0,1749,931,1
76.2,5.0,34.6,1380,314,0
71.2,4.35,30.2,1256,151,0
91.9,6.66,27.0,1573,915,1
76.1,6.5,25.1,1692,922,1
69.0,2.61,29.2,1816,780,0
75.8,3.3,32.7,1305,767,0
66.7,2.42,36.5,1451,464,0
68.9,2.59,29.5,1418,851,0
78.1,4.61,27.3,1789,407,0
70.6,2.8,27.4,1633,480,0
71.4,2.73,36.6,1504,159,0
88.4,3.65,30.5,1638,531,0
81.9,4.91,27.4,1431,715,0
81.4,3.55,33.8,1460,261,0
79.2,3.54,23.2,1493,136,0
78.9,5.05,30.6,1403,75,0
86.7,4.52,29.8,1451,473,0
74.8,4.5,29.3,1567,108,0
89.8,5.08,24.1,1545,422,0
67.4,2.77,35.0,1783,610,0
73.0,4.22,38.6,1664,60,0
64.0,3.22,23.2,1484,791,0
72.2,5.17,30.6,1078,95,0
79.1,4.93,33.3,1215,119,0
86.6,2.73,41.6,1402,654,1
69.7,5.54,27.9,1424,941,0
75.0,2.59,25.1,1247,116,0
72.1,5.34,30.0,1425,700,0
69.1,4.21,40.3,1519,471,0
65.5,2.94,30.4,1376,203,0
75.5,2.65,31.4,1470,568,0
61.1,3.61,39.1,1479,429,0
75.9,3.94,19.0,1362,382,0
75.2,3.13,18.9,1331,867,0
69.7,4.63,34.7,1472,559,0
66.9,2.31,34.0,1547,809,0
63.9,3.96,22.9,1297,43,0
90.0,3.97,32.7,1106,943,1
64.3,1.76,30.2,1313,227,0
87.5,4.33,31.1,1592,513,0
79.8,2.47,25.9,1187,67,0
72.1,1.02,27.7,1672,210,0
65.7,3.24,25.5,1383,479,0
83.3,3.69,30.3,1519,750,0
88.8,5.03,28.8,1347,773,1
67.5,3.39,38.6,1606,471,0
72.6,5.7,33.2,1504,248,0
83.4,5.66,21.9,1565,607,1
77.7,5.26,32.1,1123,370,0
91.0,5.53,37.3,1632,164,0
70.4,4.38,31.4,1173,762,0
79.3,3.31,35.6,1430,787,1
65.0,4.73,29.8,1593,170,0
91.8,5.11,33.6,1457,39,1
69.2,4.25,25.2,1589,741,0
57.3,3.67,34.0,1526,805,0
74.0,2.11,22.9,1511,72,0
73.9,4.76,36.6,1339,395,0
90.3,4.38,22.2,1685,694,0
72.3,2.42,19.2,1707,333,0
74.9,4.08,32.7,1391,789,0
79.7,4.82,29.1,1323,40,0
87.7,3.83,30.6,1532,561,0
74.5,4.89,32.2,1350,215,0
83.3,4.86,29.9,1520,714,0
79.1,2.22,25.5,1649,16,0
72.6,3.61,31.1,1619,705,0
75.6,4.54,31.8,1774,456,0
75.2,5.05,32.5,1581,697,0
67.7,5.63,40.2,1295,115,0
84.7,1.69,26.2,1331,834,0
63.9,3.89,30.3,1595,655,0
84.4,4.81,32.9,1855,36,0
82.6,5.41,27.7,1426,870,1
74.3,5.96,23.9,1319,167,0
68.9,2.86,27.1,1758,383,0
73.2,3.52,35.5,1469,351,0
78.8,2.72,28.6,1625,772,0
80.9,4.93,33.1,1697,758,1
77.3,2.4,26.2,1307,85,0
82.9,5.37,32.3,1425,853,1
70.5,5.07,26.5,1388,160,0
76.9,4.54,25.7,1593,716,0
62.5,1.39,30.6,1616,125,0
81.1,3.16,30.3,1399,410,0
76.2,4.85,37.6,1598,109,0
71.7,2.28,21.7,1155,669,0
84.3,3.68,32.6,1559,401,0
80.5,3.84,38.3,1558,562,0
52.5,5.02,37.0,1493,999,0
75.3,4.3,28.0,1219,824,0
63.4,4.29,26.5,1474,200,0
83.5,3.44,27.5,1290,434,0
94.9,3.97,31.5,1767,569,1
70.9,3.8,31.0,1438,337,0
75.6,4.83,31.8,1453,61,0
73.0,3.75,33.1,1471,348,0
77.8,5.19,24.5,1594,278,0
80.2,1.95,24.2,1507,198,0
85.3,5.39,23.7,1594,161,0
67.1,3.76,23.1,1317,107,0
87.6,5.3,29.5,1700,843,1
67.5,4.06,31.6,1400,455,0
77.2,4.98,43.0,1635,729,1
84.3,5.73,32.7,1537,778,1
80.7,3.31,30.1,1694,854,0
67.5,4.06,37.3,1479,587,0
69.4,3.76,26.2,1215,845,0
71.3,4.21,31.7,1276,136,0
74.6,2.04,35.0,1450,188,0
84.2,3.76,34.0,1753,647,1
64.7,3.67,32.1,1413,376,0
78.7,3.03,28.2,1503,191,0
79.9,3.73,23.6,1728,372,0
79.5,2.13,29.2,1386,396,0
78.7,5.62,26.9,1550,889,1
87.1,4.49,33.5,1545,431,0
78.9,6.2,29.3,1380,893,1
81.9,2.92,32.9,1536,205,0
79.5,2.58,21.7,1689,871,0
89.3,4.3,35.0,1689,824,1
59.8,1.98,25.6,1429,178,0
85.3,4.23,22.0,2040,767,0
72.9,3.13,22.9,1558,795,0
72.8,3.56,26.8,1441,790,0
67.2,4.26,35.8,1357,899,1
60.1,4.01,33.7,1307,455,0
71.9,6.17,24.0,1646,492,0
69.5,4.71,30.4,951,253,0
79.0,2.43,29.5,1464,498,0
63.2,5.12,22.0,1234,924,0
86.5,2.37,24.9,1460,629,0
77.2,4.06,19.6,1486,806,0
73.0,2.48,25.5,1247,868,0
69.3,2.98,16.4,1307,611,0
68.7,5.52,25.9,1731,552,0
66.0,3.3,25.2,1389,212,0
70.6,3.19,25.9,1491,582,0
75.0,3.29,25.8,1433,620,1
73.6,3.59,35.9,1648,49,0
63.7,5.67,28.2,1721,4,0
72.9,2.56,31.2,1665,976,0
67.9,2.49,33.9,1596,52,0
76.3,4.64,34.6,1598,809,0
89.9,2.06,33.5,1269,625,0
80.0,3.52,27.2,1738,835,0
72.5,5.3,24.4,1387,545,0
62.0,3.96,26.0,1326,555,0
63.7,3.38,27.6,1422,221,0
61.5,3.11,30.0,1343,594,0
80.8,2.87,29.6,1570,893,1
68.9,3.25,35.6,1628,228,0
75.5,4.11,29.5,1733,926,0
70.0,5.43,39.2,1475,251,0
75.7,5.1,35.3,1381,643,0
86.2,3.28,27.5,1440,915,0
69.5,3.08,34.4,1272,823,0
72.3,4.77,15.3,1354,310,0
68.5,1.8,37.1,1867,562,0
82.0,3.43,32.1,1348,794,0
66.8,3.56,32.0,1406,980,0
65.9,2.63,21.4,1610,739,0
63.9,2.76,42.9,1540,923,0
63.7,4.36,28.7,1636,517,0
78.8,1.98,29.3,1329,618,0
95.6,2.86,35.8,1292,253,0
67.0,3.17,29.0,1740,394,0
82.6,4.04,25.6,1365,353,0
77.0,2.31,33.4,1474,965,0
66.2,5.22,24.8,1532,963,1
72.8,3.57,33.8,1145,938,0
73.1,3.63,30.7,1456,415,0
69.5,3.5,35.8,1370,958,0
90.4,3.13,23.8,1591,644,0
59.8,2.77,36.4,1434,202,0
78.0,5.29,31.5,1070,479,0
77.7,4.17,40.1,1640,107,0
70.4,3.8,26.7,1012,532,0
76.2,5.11,39.5,1415,951,0
82.0,3.08,33.6,1362,416,0
76.2,4.67,34.0,1377,378,0
78.3,3.95,26.3,1490,75,0
80.5,2.87,32.9,1671,488,0
58.7,4.82,33.4,1328,680,0
86.8,2.15,25.8,1377,925,0
93.2,4.69,24.1,1632,343,0
82.8,2.87,26.0,1587,250,0
83.1,4.4,37.5,1627,937,0
63.7,5.55,30.8,1555,102,0
74.1,4.59,34.8,1446,365,0
68.5,3.2,31.5,1400,489,0
70.3,3.88,30.6,1403,947,0
82.7,3.48,31.1,1662,602,0
68.6,2.53,27.9,1773,875,0
74.0,2.6,36.2,1865,902,0
59.7,3.96,30.9,1297,753,0
73.7,4.55,31.1,1448,792,0
75.7,1.82,22.9,1493,204,0
69.4,3.82,31.6,1461,815,0
69.2,4.51,26.5,1280,800,0
90.1,4.04,27.4,1902,321,0
65.3,2.72,35.3,1776,206,0
66.6,5.13,24.4,1462,267,0
68.5,2.47,29.0,1407,847,0
84.6,4.67,33.2,1491,700,1
91.8,5.79,35.9,1265,479,1
77.7,1.49,27.3,1429,87,0
69.3,4.2,31.6,1638,894,0
71.6,4.27,31.5,1804,12,0
83.5,4.17,24.2,1660,209,0
67.7,2.99,19.1,1737,903,0
86.6,3.53,20.1,1294,520,0
86.3,2.25,33.1,883,344,0
75.6,4.05,30.5,1752,510,0
80.2,4.53,23.1,1527,629,0
81.0,3.11,26.7,1477,686,0
87.4,2.8,28.0,1808,546,0
66.6,3.34,28.2,1311,47,0
84.4,3.88,29.8,1312,159,0
72.0,3.96,41.3,1352,263,0
68.9,3.77,26.0,1798,466,0
75.8,3.97,30.7,1671,577,0
73.3,2.35,26.1,1156,793,0
67.1,0.67,26.8,1806,209,0
62.2,4.62,25.5,1495,112,0
67.5,5.56,28.8,1573,832,0
86.6,2.22,27.2,1347,595,0
90.7,3.1,31.8,1848,378,0
80.2,4.24,31.1,1576,73,0
84.5,5.01,25.4,1742,192,0
70.9,4.65,39.8,1304,800,0
74.4,5.39,24.0,1625,521,0
77.3,3.82,31.8,1510,20,0
66.3,4.37,41.1,1450,496,0
67.1,4.37,26.4,1339,437,0
75.8,3.38,36.8,1360,761,0
72.4,5.3,37.2,1271,94,0
66.5,4.62,31.7,1367,397,0
78.1,5.04,20.6,1488,917,0
72.9,3.43,37.3,1603,726,0
83.2,5.1,30.5,1197,651,1
75.0,2.64,27.2,1296,403,0
72.6,4.35,36.5,1376,251,0
76.0,0.81,26.3,1182,93,0
73.6,2.7,35.4,1438,304,0
69.7,4.75,27.2,1442,364,0
71.8,3.35,32.7,1456,438,0
81.0,4.09,24.5,1571,840,0
80.2,1.98,28.0,1671,431,0
85.3,5.7,25.3,1645,646,1
61.5,4.58,26.4,1545,166,0
71.9,3.85,30.9,1605,368,0
71.7,4.37,29.1,1341,932,0
76.4,4.27,31.0,1314,175,0
71.4,5.54,36.5,1615,110,0
70.9,4.13,29.4,1600,74,0
81.3,2.15,20.5,1910,4,0
76.4,3.58,28.5,1450,147,0
65.7,5.39,30.4,1305,87,0
85.7,4.55,35.2,1548,169,0
83.0,3.39,35.3,1407,409,0
70.4,4.6,34.8,1323,702,0
81.7,4.02,28.8,1752,817,0
69.1,4.6,33.3,1859,573,0
84.0,2.02,22.6,1563,102,0
73.3,2.83,36.6,1368,822,0
68.6,4.66,32.2,1541,663,0
72.0,3.62,32.6,1482,829,0
68.9,4.29,28.1,1228,756,0
76.5,6.18,30.3,1651,202,0
76.4,3.51,26.6,1558,966,0
75.3,4.16,32.9,1732,783,0
70.5,3.23,23.2,1387,326,0
45.7,3.15,35.0,1490,771,0
75.7,3.79,32.8,1471,422,0
59.8,2.18,40.3,1165,104,0
77.0,1.41,29.8,1971,631,0
84.0,5.48,29.5,1095,993,1
77.2,3.76,31.0,1275,665,0
71.9,5.2,30.2,1426,918,0
73.6,4.02,29.4,1195,198,0
73.9,4.06,24.4,1574,504,0
70.6,4.67,24.4,1405,302,0
70.3,4.72,27.1,1508,943,0
67.6,2.47,28.5,1538,150,0
84.5,5.3,23.9,1508,26,0
74.9,2.74,24.1,1513,535,0
82.7,4.12,28.5,1466,416,0
73.0,6.88,33.8,1576,214,0
75.6,3.97,29.0,1649,924,0
73.6,5.84,33.5,1446,291,0
78.7,3.47,35.0,1410,237,0
81.6,4.6,33.9,1418,677,0
76.9,3.94,27.8,1554,972,1
69.6,4.37,27.9,1425,419,0
68.8,2.88,20.5,1422,760,0
88.3,2.81,26.5,1207,56,0
72.8,4.27,32.4,1864,844,0
72.7,2.05,24.4,1260,539,0
86.7,2.89,36.9,1817,648,0
83.7,4.63,37.3,1649,467,0
79.3,3.16,28.1,1692,17,0
71.8,2.84,34.7,1546,387,0
93.8,2.58,22.8,1591,162,0
78.1,4.05,24.6,1552,180,0
79.4,3.46,28.1,1610,832,0
73.6,4.06,30.0,1658,348,0
63.7,3.66,29.1,1789,825,0
64.3,6.05,25.6,1307,765,0
78.3,3.37,40.0,1591,696,0
78.1,1.59,31.5,1808,478,0
73.1,4.02,31.5,1766,68,0
65.6,3.88,33.5,1302,817,0
63.5,4.07,30.9,1558,28,0
72.4,2.0,28.8,1552,383,0
63.4,5.21,27.2,1546,886,0
82.2,3.85,21.6,1066,754,0
84.2,3.83,37.6,1665,582,0
97.6,2.03,25.3,1190,630,0
82.0,4.44,21.5,1920,934,1
70.3,3.81,25.9,1626,772,0
68.0,5.46,21.8,1481,543,0
47.4,3.4,40.2,1622,372,0
70.2,2.44,31.9,1528,113,0
73.6,4.03,37.2,1398,832,0
82.7,2.81,37.4,1483,794,0
79.9,4.37,32.9,1568,647,0
79.7,2.62,32.9,1346,894,0
76.7,3.73,26.3,1639,30,0
80.3,3.62,29.6,1717,103,0
86.6,3.84,26.9,1709,601,0
66.5,3.28,30.2,1729,999,0
71.3,2.94,26.4,1753,933,0
63.9,3.81,36.5,1638,641,0
87.9,3.21,33.9,1755,108,0
85.4,4.06,29.5,1514,550,0
81.0,3.56,21.5,1582,617,0
65.4,1.26,33.5,1777,780,0
76.4,3.81,34.5,1877,983,0
73.1,5.5,29.7,1435,776,0
75.6,4.24,23.6,1222,514,0
73.5,4.58,32.2,1918,752,0
79.2,4.41,35.4,1727,354,0
71.8,3.34,20.2,1856,466,0
81.8,2.33,32.9,1678,533,0
76.9,4.83,20.7,1550,369,0
72.7,5.11,30.4,1381,981,0
74.1,4.54,38.9,1318,287,0
71.5,4.38,30.5,1785,645,0
81.5,4.34,32.4,1694,232,0
72.8,3.85,28.4,1566,998,0
77.4,4.2,30.0,1288,348,0
71.9,3.9,42.0,1402,605,0
63.1,4.26,36.8,1384,932,0
82.2,2.79,28.4,1445,684,0
66.5,3.15,28.1,945,582,0
80.4,4.54,30.1,1548,78,0
78.4,3.49,41.2,1807,422,0
61.8,1.08,31.1,1398,444,0
67.4,4.03,35.7,1509,695,0
70.9,1.23,28.1,1558,485,0
68.4,6.1,23.5,1310,272,0
65.5,4.72,36.7,1588,530,0
80.9,4.66,29.6,1346,378,0
73.1,3.12,26.0,1419,818,0
78.1,2.58,26.5,1553,467,0
71.6,3.64,26.6,1493,455,0
77.4,3.91,26.9,1523,712,0
69.0,3.0,22.2,1325,537,0
74.8,4.07,36.1,1646,435,0
79.7,4.68,31.9,1293,82,0
75.4,4.58,35.0,1669,461,0
71.3,2.69,28.2,1410,865,0
66.3,1.39,31.8,1273,971,0
76.3,3.89,30.9,1487,853,0
77.8,3.13,36.0,1298,107,0
72.9,4.4,34.1,1401,884,0
68.8,5.78,31.8,1475,496,0
79.3,5.78,26.7,1657,695,0
94.9,4.22,23.9,1659,625,1
72.6,5.17,25.9,1598,496,0
77.7,5.78,26.8,1449,212,0
78.0,3.95,27.3,1207,360,0
54.5,4.21,23.7,1461,352,0
76.0,4.87,38.4,1442,769,0
69.3,3.85,31.4,1479,150,0
86.1,3.32,19.7,1401,67,0
73.0,3.03,24.4,1402,850,0
68.8,3.9,23.2,1661,662,0
73.3,3.18,31.2,1244,563,0
76.3,4.81,35.4,1506,148,0
70.5,3.51,25.0,1750,126,0
74.6,5.58,33.1,1354,667,0
64.2,5.29,28.6,1312,153,0
73.2,2.48,35.8,1460,855,0
81.2,5.14,36.9,1437,169,0
90.8,3.44,31.6,1555,624,0
80.7,5.47,33.6,1769,237,0
77.2,4.49,30.0,1479,313,0
84.5,3.85,28.1,1613,325,0
83.2,4.68,24.1,1391,25,0
88.3,3.27,31.7,1409,419,0
83.7,4.28,29.6,1561,866,1
74.1,4.35,28.1,1373,499,0
77.1,3.74,29.6,1738,192,0
76.4,4.35,29.1,1425,519,0
77.4,2.76,24.7,1472,935,0
76.6,4.55,27.3,1301,465,0
68.7,2.52,35.8,1419,483,0
58.2,4.62,28.8,1308,771,0
69.6,4.45,37.1,1409,68,0
58.8,4.72,24.1,1157,314,0
75.5,3.28,23.1,1502,395,0
75.0,7.39,30.6,1845,308,0
61.6,3.66,33.9,1137,548,0
80.5,4.09,26.7,1844,780,0
81.9,3.06,33.2,1480,409,0
75.8,5.55,34.7,1677,785,0
88.3,3.38,35.4,1306,442,0
90.0,5.06,29.4,1901,894,1
65.4,2.84,29.7,1293,326,0
83.3,4.28,21.6,1488,444,0
78.5,3.5,30.1,1808,686,0
78.3,4.99,31.4,1253,9,0
82.5,3.6,37.2,1046,886,0
69.2,2.94,23.6,1489,443,0
70.3,4.45,25.7,1353,372,0
68.4,2.57,24.9,1312,117,0
69.0,2.84,34.5,1324,98,0
74.2,4.81,17.2,1215,472,0
63.4,1.8,24.5,1778,818,0
66.6,4.8,40.4,1743,605,0
79.6,3.48,33.3,1235,911,0
74.4,2.89,23.3,1482,984,0
78.1,4.22,29.7,1413,515,0
59.9,4.66,34.3,1720,194,0
68.7,3.27,32.8,1338,943,0
70.6,3.74,28.9,1822,221,0
75.3,4.85,26.0,1504,561,0
70.3,4.8,34.2,1348,202,0
82.5,3.88,30.0,1485,882,0
74.5,3.07,34.1,1388,767,0
75.1,2.87,32.0,1948,524,0
75.1,3.27,27.6,1532,869,0
80.7,4.72,37.3,1407,684,0
71.2,4.6,27.5,1521,630,0
84.0,4.29,32.2,1794,675,0
78.7,5.53,26.8,1312,891,0
76.2,3.61,28.8,1170,399,0
75.3,3.52,28.7,1762,700,0
79.2,3.52,26.7,1624,355,0
83.1,6.12,31.2,1413,667,1
82.6,1.62,36.6,1486,531,0
78.0,4.29,39.4,1721,750,0
82.0,4.46,37.3,963,550,1
75.9,4.03,29.1,1754,495,0
85.0,6.61,37.4,1467,91,1
74.8,5.29,32.1,1636,50,0
58.4,4.83,39.1,1492,859,0
85.7,2.94,23.6,2115,451,0
75.9,4.53,37.5,1379,976,0
65.6,3.54,27.0,1720,448,0
73.4,4.02,35.8,985,95,0
67.9,4.19,27.6,1509,744,0
91.8,3.42,34.6,1658,319,0
79.0,4.68,28.6,1195,623,0
62.5,5.81,20.5,1098,39,0
79.4,5.14,25.1,1521,895,0
71.8,4.22,28.8,1703,185,0
90.3,1.79,30.1,1737,369,0
66.6,5.2,18.7,1365,417,0
57.0,5.19,24.0,1570,531,0
75.5,3.76,26.3,1220,935,0
72.2,3.44,28.9,1849,869,0
71.7,4.72,31.1,1387,378,0
57.9,3.06,25.9,1755,374,0
78.4,4.88,22.4,1447,739,0
88.4,2.76,31.5,1435,332,0
59.7,2.94,28.3,1824,231,0
84.4,4.0,34.5,1327,940,0
70.5,2.34,27.4,1759,749,0
93.8,3.98,33.3,1430,409,0
78.5,4.58,25.5,1326,203,0
73.5,2.5,31.4,1334,499,0
83.8,5.03,30.5,1726,423,0
79.2,3.35,32.3,1485,299,0
70.3,4.6,25.3,1430,579,0
80.7,4.23,29.4,1200,170,0
70.9,3.47,25.7,1735,264,0
60.7,3.4,29.2,1710,555,0
91.3,2.06,33.1,1565,408,0
72.2,3.2,45.0,1656,413,0
70.1,3.12,30.2,852,667,0
77.7,5.84,33.6,1394,74,0
62.5,5.14,30.6,1533,754,0
64.2,2.45,35.7,1521,957,0
71.0,4.89,32.3,1387,909,0
70.8,4.24,35.3,1548,884,0
75.6,3.56,31.8,1354,46,0
84.0,4.51,42.1,1369,309,0
71.2,4.88,36.9,1251,99,0
78.9,3.35,21.4,1528,106,0
79.8,3.68,31.5,1356,176,0
66.3,4.18,30.4,1400,55,0
76.8,2.88,18.9,1777,930,0
67.5,4.2,25.7,1491,594,0
83.5,3.9,27.7,1493,321,0
78.6,3.23,26.3,1193,246,0
75.1,3.05,30.7,1395,4,0
64.3,4.34,21.0,1696,31,0
75.9,4.98,33.8,1610,646,1
68.9,4.37,33.9,1511,479,0
80.6,3.03,31.8,1465,317,0
74.0,4.84,28.4,1513,468,0
68.5,4.19,30.0,1580,373,0
82.4,4.66,27.7,1435,705,0
80.8,5.3,35.8,1003,553,0
70.3,2.98,32.6,1893,420,0
84.3,3.84,40.0,1727,4,0
72.6,3.32,28.2,1469,547,0
72.5,3.01,37.3,1782,869,0
76.0,6.25,27.1,1239,251,0
69.0,5.05,29.2,1758,340,0
71.5,2.01,24.8,1538,756,0
73.7,4.48,32.7,1678,162,0
87.2,3.37,29.7,1431,584,0
87.0,5.29,33.1,1530,618,1
72.9,4.09,37.5,1617,791,0
87.9,3.8,29.7,1710,893,1
74.7,4.16,31.9,1603,841,0
78.0,4.43,34.5,1589,186,0
82.1,4.03,29.7,1381,775,0
77.3,3.75,27.3,1843,598,0
94.3,3.84,31.8,1542,410,0
76.9,4.57,32.6,1455,47,0
65.4,2.73,33.9,1435,591,0
85.4,4.0,34.2,1259,428,0
71.7,3.86,26.7,1352,700,0
72.6,3.45,32.3,1195,590,0
51.1,4.82,36.2,1541,140,0
83.0,2.55,27.7,1484,705,0
81.5,3.59,31.9,1544,137,0
81.4,3.04,26.9,1250,133,0
82.8,4.61,30.9,1415,669,0
88.5,3.47,38.7,1372,911,1
74.6,4.05,30.9,1698,716,0
82.5,4.43,25.2,1202,943,0
69.0,2.21,31.8,1196,146,0
72.2,4.51,31.1,1757,91,0
83.5,3.16,35.6,1572,477,0
78.1,3.71,23.2,1186,262,0
64.3,3.87,25.4,1770,277,0
77.9,4.91,29.6,1798,187,0
73.5,4.83,22.2,1728,295,0
68.5,5.98,35.7,1087,739,0
78.5,4.2,19.9,1524,405,0
71.8,3.47,25.9,1327,499,0
62.4,3.44,22.6,1447,155,0
66.1,4.73,26.7,1184,633,0
89.2,5.8,34.1,1847,693,1
62.9,4.38,33.1,1361,348,0
76.8,3.35,34.7,1555,548,0
79.9,4.31,33.1,1661,253,0
80.1,4.29,19.8,1622,83,0
65.2,4.04,31.5,1582,164,0
72.4,3.17,20.8,1421,6,0
76.1,1.16,27.5,1544,901,0
81.4,3.4,28.1,1455,957,0
69.8,5.18,27.3,1045,161,0
65.7,4.24,32.5,1700,819,0
83.0,1.52,26.0,1374,578,0
83.8,4.01,38.7,1395,766,0
78.0,1.93,33.0,1417,602,0
70.1,6.23,36.0,1222,512,0
78.3,4.21,33.8,1257,368,0
75.9,2.65,34.5,1139,380,0
81.7,4.89,29.8,1593,879,1
65.0,3.12,39.9,1736,293,0
75.9,4.63,24.8,1514,158,0
73.7,4.02,32.4,1270,992,0
66.1,2.68,30.1,1761,286,0
76.7,4.75,28.9,1435,103,0
75.3,2.5,31.6,1180,271,0
71.7,5.5,26.3,1123,806,1
78.2,4.07,34.4,1536,786,0
63.6,2.85,34.0,1788,889,0
74.6,1.97,30.5,1422,900,0
78.5,5.81,33.7,1372,998,1
77.3,5.63,24.8,1444,328,0
83.6,2.59,21.0,1329,227,0
65.4,5.85,27.1,1390,946,0
62.9,4.19,28.9,1550,917,0
76.9,3.75,42.5,1354,521,0
78.6,3.9,28.9,1685,313,0
92.0,3.7,35.2,1303,199,0
79.9,5.6,34.3,1641,979,1
68.0,4.17,40.6,1568,639,0
81.4,1.94,30.6,1422,610,0
68.2,6.35,33.3,1439,186,0
63.1,4.99,29.1,1434,184,0
95.9,2.78,25.7,1835,420,0
77.6,3.6,25.0,1337,897,0
80.7,2.99,26.1,1736,814,0
79.5,4.05,37.2,1701,264,0
89.5,4.44,31.5,1431,65,0
77.3,4.27,29.3,1822,611,0
84.7,3.33,30.1,1023,739,0
66.8,3.1,27.2,1548,927,0
63.9,4.95,29.9,1525,639,0
86.4,3.89,29.8,1503,254,0
86.8,6.52,33.3,1666,533,1
79.1,3.1,34.6,1419,707,0
76.8,4.88,21.9,1461,196,0
76.3,4.05,31.2,1729,909,0
69.5,3.15,36.9,1476,146,0
87.3,5.53,24.9,1292,10,0
80.3,4.14,28.8,1613,291,0
79.0,3.0,30.9,1482,772,0
78.0,3.64,35.6,1386,568,0
83.4,5.14,33.0,1609,281,0
79.0,2.63,29.0,1344,332,0
81.0,5.55,32.6,1302,508,0
65.6,4.77,35.2,1446,811,0
79.1,3.69,32.0,1461,973,1
92.5,5.52,39.4,1509,691,1
70.9,5.96,32.2,1258,141,0
74.0,4.67,24.8,1843,871,0
82.1,4.19,26.1,1634,815,0
82.7,6.07,29.4,1527,709,1
80.0,5.68,29.0,1545,818,1
62.1,2.96,33.2,998,17,0
79.0,3.77,31.8,1684,681,0
65.5,3.76,38.6,1294,488,0
68.4,3.54,34.1,1599,994,0
79.4,2.32,37.5,1260,949,0
72.6,5.01,26.2,1696,472,0
81.5,4.09,27.9,1392,838,0
100.2,4.11,33.5,1456,729,0
81.2,5.58,30.5,1804,744,1
80.8,3.36,33.2,1697,353,0
67.8,3.94,31.3,1223,731,0
69.9,4.31,27.0,1359,33,0
66.5,3.51,38.6,1537,32,0
70.7,3.88,35.8,1452,230,0
66.3,4.86,22.3,1660,235,0
69.7,3.99,27.0,1362,14,0
73.3,5.5,30.2,1123,883,0
67.0,3.15,33.5,1316,789,0
63.6,4.23,29.7,1462,776,0
64.1,2.39,23.3,1608,813,0
78.6,3.87,34.2,1647,930,0
75.5,3.21,29.0,1748,151,0
83.2,5.53,36.1,1546,493,1
83.4,4.84,31.6,1458,373,0
72.3,4.57,35.1,1645,380,0
80.4,6.08,34.3,1479,664,1
63.5,5.63,34.5,1405,361,0
93.3,4.81,27.5,1405,933,1
84.6,3.22,35.2,1684,135,0
73.3,2.37,31.1,1796,177,0
65.7,3.97,23.9,1762,881,0
78.0,3.6,28.1,1179,256,0
60.0,3.27,28.4,1717,356,0
68.8,3.67,32.4,1274,454,0
81.0,2.13,33.5,1430,726,0
75.6,5.68,24.5,1616,908,1
71.1,2.71,33.7,1232,665,0
82.6,3.24,29.8,1253,230,0
66.7,4.64,24.8,1349,851,0
77.3,2.16,34.3,1836,319,0
71.0,5.04,26.3,1714,83,0
68.2,5.06,24.1,1319,35,0
78.7,3.65,33.9,1526,834,0
67.1,2.78,34.6,1526,526,0
90.2,3.46,26.8,1561,242,0
70.3,1.91,35.4,1357,66,0
90.9,5.57,35.1,1787,972,1
66.2,4.06,27.5,1423,793,0
79.8,3.17,40.1,1663,754,1
65.4,2.97,29.8,1162,411,0
64.3,4.65,31.2,1577,202,0
76.3,5.7,18.2,1528,364,0
80.4,2.56,33.3,1770,659,0
64.8,3.35,27.0,979,627,0
84.5,2.01,32.3,1610,109,0
68.6,4.77,21.6,1661,860,0
76.0,4.18,35.9,1446,591,0
78.0,6.56,37.4,1762,566,1
79.8,3.86,39.6,1919,643,0
60.6,3.51,15.4,1675,550,0
87.9,3.2,33.1,1661,957,0
79.5,4.97,31.9,1769,223,0
71.6,2.15,15.1,1587,694,0
66.8,4.85,26.5,1745,617,0
61.4,4.28,29.7,1619,981,0
64.1,3.43,37.3,1362,676,0
79.4,2.97,26.0,1289,226,0
72.3,5.2,31.2,1734,376,0
65.9,6.12,29.9,1619,900,1
70.8,3.49,32.0,1365,88,0
87.5,4.6,28.2,1504,769,1
72.4,5.98,34.6,1792,513,0
70.3,3.3,35.0,1156,37,0
85.8,3.71,23.4,1319,827,0
78.7,2.61,35.8,1639,188,0
75.4,3.83,26.5,1664,326,0
70.1,3.91,28.8,1265,516,0
62.6,3.52,35.8,1300,321,0
65.6,3.16,30.7,1532,845,0
71.2,2.2,33.1,1780,968,0
73.2,2.47,34.1,1502,923,0
77.8,2.89,33.2,1034,490,0
79.4,4.73,27.5,1705,784,0
76.8,3.42,25.5,1495,319,0
76.8,3.03,33.6,1407,472,0
66.9,4.75,34.0,1267,512,0
57.8,4.64,32.0,1738,432,0
70.8,3.14,29.3,1553,195,0
67.4,3.29,34.5,1580,903,0
69.8,4.75,30.1,1569,652,0
72.8,4.42,23.4,1587,352,0
65.1,3.05,31.6,1667,307,0
66.1,4.27,32.8,1842,115,0
74.2,3.97,34.1,1286,471,0
75.9,5.27,25.8,1484,334,0
69.8,3.01,26.5,1408,898,0
79.0,5.01,31.9,1836,116,0
73.2,4.49,28.0,1442,207,0
66.8,2.85,29.9,1177,651,0
75.3,5.2,34.9,1494,280,0
90.1,5.04,32.2,1352,341,0
69.6,2.49,39.4,1351,941,0
84.3,6.27,31.7,1410,229,0
86.0,2.69,38.8,1237,159,0
87.0,2.95,35.6,1112,331,0
68.4,3.63,43.0,1890,386,0
91.1,4.88,30.4,1474,496,0
75.9,4.67,29.9,1312,721,0
73.0,3.89,36.8,1624,144,0
73.2,5.57,27.8,1766,188,0
79.8,4.46,28.0,1149,913,0
75.4,5.6,31.6,1410,681,0
73.6,7.23,32.2,1555,102,0
85.3,4.22,23.4,1330,587,0
69.2,1.04,31.6,1589,836,0
66.7,3.48,28.8,1251,241,0
81.3,2.76,30.2,1366,488,0
80.6,4.11,31.3,1475,793,0
83.8,4.11,29.4,1585,276,0
66.4,2.59,35.7,1507,711,0
83.7,2.67,32.8,1363,410,0
78.9,3.7,29.5,1425,587,0
89.1,3.77,30.8,1075,623,0
65.0,1.0,35.6,1926,71,0
76.7,5.12,34.3,1417,661,1
72.8,4.04,36.7,1440,793,0
62.3,3.99,29.8,1552,187,0
69.3,4.34,31.1,1613,78,0
84.0,2.82,40.5,1568,524,0
71.2,3.94,30.3,1363,508,0
69.2,5.2,38.8,1167,453,0
81.9,5.25,34.7,1464,881,0
82.9,4.53,28.3,1339,63,0
82.9,3.68,23.5,1388,632,0
68.7,3.05,33.6,1498,845,0
74.5,5.53,27.0,1547,803,0
83.2,4.61,27.0,1757,722,0
69.8,3.51,21.9,1469,203,0
69.0,1.48,36.4,1153,210,0
81.6,2.99,31.0,1616,422,0
87.5,1.76,30.6,1684,782,0
65.8,5.45,32.5,1169,83,0
54.2,4.22,31.7,1620,58,0
63.4,3.13,31.0,1536,898,0
66.9,3.68,33.1,1390,370,0
73.9,7.03,29.1,1533,608,0
79.9,5.42,17.7,1576,931,1
73.8,2.43,34.2,1617,93,0
69.4,3.85,32.6,1728,400,0
76.2,2.56,30.6,1496,837,0
67.3,1.98,38.4,1497,184,0
74.6,4.2,23.6,1982,893,0
69.9,6.83,16.1,1284,717,0
96.4,5.83,37.9,1443,390,1
81.5,4.05,32.6,1427,812,0
68.3,3.56,22.4,1652,429,0
67.0,4.24,28.5,1720,864,0
71.5,5.22,33.6,1234,996,1
61.8,2.28,24.5,1745,588,0
69.2,1.8,33.3,1260,673,0
69.1,6.21,41.0,2021,205,0
82.1,4.33,37.4,1364,165,0
71.6,5.89,30.4,1720,401,0
68.7,4.28,32.1,1445,285,0
64.3,5.74,25.8,1640,464,0
65.6,3.28,31.2,1348,178,0
74.5,4.59,28.9,1525,668,0
73.3,5.83,25.6,1503,540,0
84.1,5.21,23.9,1517,182,0
70.0,3.46,40.1,1658,81,0
83.5,5.06,31.0,1410,583,0
77.1,3.21,25.4,1434,984,0
75.0,2.31,28.4,1235,961,0
58.9,4.62,37.9,1471,995,0
64.7,5.66,38.6,1400,421,0
80.9,5.01,27.5,1676,907,0
86.2,2.51,31.5,1633,101,0
76.7,5.03,34.9,1354,0,0
81.1,4.81,28.8,1587,114,0
71.7,3.45,24.7,1762,18,0
72.0,1.05,25.7,1457,117,0
69.7,5.21,30.6,1264,486,0
82.8,5.05,26.7,1992,837,1
77.7,4.59,24.1,1610,736,1
73.1,1.94,29.3,1640,530,0
72.4,2.23,35.1,2000,63,0
79.5,5.2,33.9,1339,646,0
77.6,4.95,29.4,1560,629,0
68.3,4.59,40.0,1119,809,0
88.7,3.71,26.6,1597,546,0
77.1,4.47,30.1,1578,336,0
75.1,3.35,23.7,1342,287,0
86.8,3.63,34.4,1328,491,0
83.2,2.97,29.9,1464,272,0
74.3,4.31,22.2,1453,973,0
79.3,3.5,26.4,1816,95,0
66.4,5.13,39.4,1450,669,0
69.9,4.86,34.1,1467,396,0
56.9,3.03,31.1,1463,406,0
84.8,6.19,34.8,1178,531,1
59.8,2.66,22.6,1401,317,0
80.5,4.54,26.4,1228,723,0
68.4,5.29,23.9,1524,611,0
67.2,5.53,26.4,1059,481,0
73.4,1.36,28.6,1273,436,0
77.1,5.2,33.1,1550,569,0
79.9,5.46,35.5,1078,731,1
89.2,5.72,35.3,1186,170,1
77.9,1.34,43.8,1698,136,0
82.0,3.19,28.0,1232,157,0
70.2,3.88,30.4,1497,392,0
80.7,3.47,33.0,1560,519,0
76.2,5.6,26.4,1286,429,0
71.3,3.19,29.1,1160,772,0
74.2,5.47,32.5,1804,654,1
74.5,4.67,26.1,1387,659,0
76.5,2.26,32.8,1602,525,0
78.2,2.81,36.6,1346,972,0
70.9,3.44,24.9,1571,28,0
69.1,4.12,19.1,1235,471,0
81.0,5.19,30.9,1223,358,0
61.4,3.78,25.3,1289,991,0
70.1,5.09,31.3,1372,312,0
87.4,2.11,28.2,1372,413,0
53.3,0.5,32.0,1432,751,0
69.5,3.6,36.1,1585,423,0
80.5,4.55,34.5,1391,151,0
61.8,3.57,28.7,1685,220,0
95.8,2.79,24.6,1365,515,0
54.3,4.51,18.1,1631,377,0
86.5,6.32,19.7,1761,577,1
87.5,3.88,26.5,1847,241,0
82.3,3.13,30.9,1100,978,0
73.2,2.99,27.1,1844,334,0
77.9,6.36,27.4,1145,377,0
67.8,3.95,22.5,1782,617,0
81.5,4.73,22.2,1496,843,0
66.0,5.46,21.8,1569,863,0
72.8,5.29,33.4,1309,547,0
83.0,2.89,20.5,1686,856,0
66.1,5.15,33.7,1636,659,0
72.1,5.01,25.8,1388,343,0
76.3,4.59,32.9,1375,486,0
64.3,5.21,31.4,1670,328,0
84.3,3.33,34.0,1705,789,0
77.7,3.91,36.1,1652,584,0
62.9,3.37,26.3,1422,526,0
74.6,4.91,25.4,1499,337,0
68.8,3.22,28.0,1687,736,0
69.7,4.47,26.3,1666,263,0
75.6,2.69,33.4,1725,310,0
69.3,3.85,29.6,1527,5,0
82.7,3.57,30.1,1358,109,0
69.4,3.86,32.2,1557,326,0
82.9,4.16,27.7,1589,325,0
74.6,3.78,35.5,1392,426,0
81.8,3.74,20.9,1589,652,0
70.7,1.52,31.2,1331,268,0
71.0,5.33,32.5,1550,169,0
65.8,3.25,26.2,1378,625,0
79.6,3.71,26.6,1922,716,0
82.5,3.01,34.5,1737,911,0
92.0,5.2,28.5,1551,501,1
85.3,2.91,20.5,1236,59,0
77.0,4.61,23.3,1253,339,0
73.3,5.41,35.0,1639,682,0
78.1,5.97,25.6,1469,400,1
74.8,5.43,36.5,1560,142,0
86.7,4.74,36.8,1183,954,1
82.6,2.56,29.0,1198,847,0
68.3,5.55,32.7,1522,258,0
69.5,5.43,25.9,1457,126,0
85.9,5.01,28.0,1232,479,0
77.5,4.97,26.5,1339,247,0
73.1,4.1,32.9,1656,508,0
84.5,3.39,23.6,1412,738,0
71.9,5.3,29.3,1614,285,0
72.8,5.53,30.2,1829,374,0
71.3,2.76,32.6,1566,619,0
59.3,5.1,19.4,1524,531,0
81.9,4.3,21.1,1380,15,0
65.3,5.07,25.6,1742,329,0
70.5,4.34,28.9,1210,133,0
69.0,5.34,30.7,1279,859,0
80.8,5.24,30.9,1495,464,0
74.5,5.07,40.0,1204,793,0
75.1,2.36,33.2,1695,266,0
61.6,5.0,32.9,1374,59,0
74.3,4.07,27.5,1605,890,0
63.2,2.67,33.9,1437,883,0
77.5,4.86,33.4,1448,574,0
77.9,2.38,33.3,1501,130,0
74.9,5.09,29.4,1106,67,0
91.3,6.04,33.0,1281,668,1
79.2,3.42,37.5,1404,528,0
79.8,5.12,26.0,1943,343,0
76.1,4.56,19.2,1661,575,0
73.5,4.8,34.0,1643,53,0
82.7,2.41,33.6,1291,208,0
83.8,4.75,28.8,1677,976,0
64.6,4.18,27.7,1748,446,0
83.4,4.91,43.6,1649,437,0
79.1,4.03,27.6,2024,982,0
82.7,5.33,23.9,1229,448,1
78.7,4.35,27.6,1283,47,0
65.0,4.84,32.4,1446,672,0
65.6,5.66,26.9,1303,509,0
89.6,4.25,28.0,1509,256,0
77.0,5.21,31.4,1603,521,0
63.7,4.3,27.8,1496,291,0
77.8,4.65,30.6,1519,708,0
72.1,3.41,29.7,1580,977,0
60.3,4.95,24.6,1653,67,0
56.7,5.49,30.3,1366,745,0
62.2,3.94,24.2,1364,864,0
77.2,4.98,34.5,1737,703,0
74.6,4.54,25.3,1430,561,0
73.0,2.72,28.7,1332,286,0
77.3,4.45,20.9,1555,387,0
79.8,5.6,27.7,1428,139,0
58.2,3.46,23.7,1522,59,0
72.6,1.93,37.3,1485,701,0
68.4,4.28,29.3,1625,111,0
65.1,3.28,32.5,1681,50,0
70.6,6.28,21.2,1332,246,0
74.0,3.99,23.8,1255,11,0
72.9,4.03,29.1,1817,599,0
63.4,3.3,23.2,1361,524,0
71.1,4.34,35.6,1188,439,0
91.1,3.37,27.9,1118,78,0
66.6,2.97,30.6,1491,515,0
61.5,3.97,31.4,1369,689,0
77.2,3.08,29.1,1131,338,0
79.8,5.6,33.7,1308,270,0
78.7,2.66,26.6,1286,422,0
66.0,3.95,31.7,1697,280,0
83.0,3.23,35.8,1545,379,0
68.7,2.41,30.9,1495,576,0
65.9,6.0,30.5,1243,42,0
70.1,1.56,28.2,1461,288,0
74.1,5.76,30.2,1630,117,0
80.7,2.38,33.2,1529,230,0
80.0,4.15,28.7,1708,810,0
74.8,6.71,21.6,1513,389,0
82.5,1.54,30.7,1636,452,0
75.7,2.43,29.1,1588,303,0
82.2,5.59,32.2,1384,951,1
63.8,4.25,30.1,1764,868,0
62.4,3.4,37.6,1569,58,0
81.2,4.0,23.9,1662,256,0
63.9,2.91,25.1,1284,428,0
72.6,4.19,33.1,1280,760,0
74.2,5.8,24.8,1461,318,0
71.1,3.59,31.5,1336,182,0
71.4,4.21,29.8,1621,141,0
86.1,5.46,20.2,1579,846,1
54.8,6.38,33.2,1742,394,0
82.1,3.35,36.6,1615,332,0
93.4,4.4,30.9,1271,433,0
75.2,3.38,23.0,1686,990,0
74.8,3.28,33.7,1367,702,0
80.8,3.57,24.7,1350,233,0
89.6,3.3,29.3,1509,193,0
65.5,2.01,31.9,1495,117,0
75.7,1.7,26.0,1704,907,0
73.5,3.18,21.5,2062,452,0
79.5,4.2,29.2,1582,699,0
76.3,5.47,29.6,1788,878,0
80.3,3.42,25.7,1455,64,0
71.6,3.85,26.0,1564,212,0
75.4,4.82,33.5,1393,411,0
69.6,4.91,29.4,1412,764,0
69.7,3.91,27.5,1765,438,0
73.9,3.98,26.9,1587,304,0
73.9,6.24,30.7,1586,72,0
65.6,3.65,30.3,1337,419,0
87.6,3.47,29.0,1838,190,0
73.9,2.13,23.0,1461,963,0
63.9,4.55,28.0,1367,873,0
83.8,3.73,26.8,1493,406,0
69.0,6.29,30.2,1632,85,0
79.1,3.65,35.5,1647,380,0
74.9,5.0,34.5,1791,974,1
77.0,5.14,33.0,1285,634,0
76.4,5.98,30.4,1411,488,0
70.4,2.5,28.3,1809,394,0
75.3,5.88,31.5,1951,198,0
91.3,4.06,27.5,1372,143,0
57.1,3.92,28.2,1478,422,0
75.5,3.68,25.7,1189,972,0
78.5,3.58,29.6,1333,944,0
66.6,3.64,29.5,1321,859,0
64.0,1.3,38.8,1477,343,0
92.3,4.64,32.5,1259,590,1
72.0,4.12,28.0,1683,183,0
91.6,2.93,33.6,1486,252,0
79.3,3.97,27.5,1447,176,0
75.6,6.74,34.7,1681,374,0
78.8,4.49,33.6,1444,55,0
80.1,3.59,43.9,1250,858,0
84.4,6.05,24.6,1503,927,1
78.5,3.11,29.5,1931,198,0
76.2,3.86,29.3,1517,330,0
76.4,3.39,31.3,1602,220,0
85.8,3.76,33.3,1458,692,1
81.5,4.9,25.1,1454,987,0
67.0,4.72,26.3,1598,929,0
69.9,3.18,31.3,970,48,0
77.6,3.89,34.5,1250,930,0
70.0,4.14,24.4,1379,462,0
72.0,3.56,22.3,1444,154,0
67.4,4.0,35.4,1787,306,0
72.9,3.2,33.9,1987,519,0
78.4,3.18,35.1,1623,374,0
83.0,4.09,25.1,1577,600,0
75.1,2.83,28.9,1634,86,0
91.6,4.53,30.9,1798,618,1
74.4,3.81,32.0,1301,339,0
100.5,2.96,29.3,1399,848,1
83.0,3.32,29.6,1528,605,0
79.0,3.48,34.7,1557,55,0
71.0,3.85,27.7,1119,981,0
52.4,4.17,27.2,1583,211,0
73.8,3.79,27.7,1180,567,0
76.4,3.02,27.4,1650,391,0
90.4,5.71,30.5,1666,574,1
64.0,5.09,28.8,1046,139,0
90.2,4.17,27.7,1598,257,0
73.0,5.15,36.7,1537,230,0
80.8,4.42,31.3,1374,418,0
54.7,3.74,28.2,1687,370,0
76.1,4.14,35.9,1897,396,0
72.3,7.15,27.2,1596,394,0
80.5,5.19,29.8,1279,377,0
75.7,5.25,29.4,1210,810,1
65.9,3.58,27.1,1264,464,0
82.6,4.74,28.0,1294,608,1
80.6,6.67,30.2,1721,566,1
79.8,4.53,22.9,1554,553,0
83.1,5.29,28.0,1492,889,1
83.8,5.5,31.0,1671,948,1
74.8,4.79,31.2,1501,35,0
64.1,5.87,31.3,1504,405,0
63.9,4.3,41.1,1329,989,0
85.8,4.61,33.0,1373,207,0
80.7,3.3,29.1,1503,505,0
75.8,7.11,29.2,1264,370,0
71.5,4.39,29.8,1828,608,0
75.3,4.16,31.9,1522,778,0
75.2,5.65,28.4,1388,648,0
72.3,3.47,37.0,1691,236,0
69.4,4.03,24.5,1286,636,0
92.3,3.12,32.8,1708,719,0
76.8,4.06,32.2,1514,115,0
70.2,3.58,24.4,1872,620,0
64.6,4.67,32.8,1387,27,0
69.2,3.89,32.5,1418,412,0
80.8,3.34,26.8,1329,347,0
81.1,3.69,40.9,1248,154,0
73.3,3.9,33.2,1547,669,0
75.4,3.44,28.3,1286,682,0
72.6,5.12,27.5,1560,650,0
66.1,4.81,26.3,1369,653,0
85.4,4.2,31.1,1707,711,1
78.0,2.65,30.1,988,552,0
94.8,4.63,23.1,1580,967,1
69.0,2.55,24.9,1506,597,0
73.9,4.25,26.4,1497,537,0
82.1,4.09,27.9,1370,763,1
73.0,3.35,28.1,1845,252,0
63.9,3.07,26.6,1415,955,0
67.4,3.23,32.9,1581,612,0
75.8,6.42,34.3,1444,347,0
77.7,3.72,30.2,1425,277,0
74.2,3.79,19.4,1514,348,0
83.0,5.14,29.1,1631,991,1
82.9,4.52,32.5,1274,331,1
77.6,5.26,29.4,1403,127,0
75.2,2.61,31.1,1215,870,1
73.0,2.77,30.3,1576,172,0
79.4,7.89,22.7,1326,342,1
82.4,3.98,17.8,1348,336,0
75.5,3.7,32.8,1626,164,0
78.6,4.22,27.3,1494,184,0
72.4,5.18,31.8,1577,850,0
63.7,2.65,28.4,1468,945,0
67.0,4.36,29.0,1578,12,0
81.1,4.0,36.3,1513,395,0
78.6,4.81,24.1,1274,861,1
87.7,4.23,29.8,1538,291,0
75.4,3.42,24.6,1427,24,0
81.9,3.03,30.1,1448,867,0
85.6,1.21,32.1,1552,764,0
83.0,5.16,32.9,1386,33,0
70.1,2.33,30.5,1285,746,0
73.5,3.57,23.3,1732,426,0
76.0,5.95,31.0,1863,607,0
67.1,3.55,34.0,1427,158,0
78.8,4.74,34.5,1725,337,0
83.2,3.79,40.0,1573,956,0
71.2,4.84,32.5,1368,447,0
90.8,4.07,25.0,1329,391,0
72.7,3.44,27.3,1440,858,0
73.4,5.59,30.2,1410,604,0
73.1,3.72,34.8,1430,498,0
69.3,2.48,24.4,1471,46,0
78.3,3.65,34.1,1270,707,0
75.2,4.65,32.9,1668,265,0
88.3,2.75,25.7,1271,319,0
79.9,4.94,32.7,1283,247,0
79.3,4.92,26.2,1680,409,0
73.2,6.48,29.8,1648,870,0
63.7,3.29,28.4,1786,546,0
74.3,4.79,30.9,1523,802,1
68.2,2.1,24.2,1367,951,0
82.6,3.55,32.3,1724,713,1
74.8,4.15,19.5,1477,139,0
88.3,4.5,27.9,1471,220,0
80.9,3.97,27.1,1327,31,0
81.7,3.93,37.3,1576,835,0
76.8,3.32,32.4,1024,178,0
76.7,3.52,27.5,1601,818,0
80.2,4.38,25.6,1097,228,0
82.4,4.68,30.0,1670,883,0
69.3,4.77,26.8,1185,69,0
78.9,5.18,40.4,1632,766,1
96.0,5.4,16.6,1989,925,1
74.3,1.95,30.1,1440,477,0
73.0,3.43,18.1,1263,325,0
69.5,3.84,34.7,1884,595,0
63.4,3.29,26.0,1408,938,0
84.5,5.24,37.4,1274,124,0
75.5,4.89,27.2,1747,672,0
77.4,3.91,34.9,928,414,0
89.8,4.17,30.8,1200,888,1
95.1,5.49,35.4,1233,150,1
67.9,3.63,29.9,1357,767,0
83.4,3.67,15.7,1091,541,0
80.0,5.07,26.4,1660,614,0
78.2,4.57,22.4,1700,499,0
78.8,5.66,34.3,1485,396,1
74.8,4.46,32.4,1413,212,0
87.7,4.89,29.8,1183,662,0
79.9,3.4,32.0,1589,460,0
77.8,2.95,30.7,1356,928,0
85.0,4.02,27.1,1619,170,0
82.2,0.98,39.1,1700,74,0
78.7,4.5,30.9,1505,675,0
77.6,5.15,28.9,1073,806,0
89.1,4.12,22.9,1309,652,0
79.1,3.78,26.9,1769,471,0
74.3,5.28,29.9,1551,88,0
68.2,3.98,29.0,1780,78,0
72.3,5.16,27.5,1049,439,0
66.6,6.55,29.6,1474,899,1
75.9,4.86,24.5,1461,174,0
77.1,5.11,29.9,1171,695,0
58.6,4.6,22.5,1367,769,0
75.2,4.32,25.7,1692,810,0
80.2,4.35,26.3,1604,698,0
76.4,4.11,33.9,1389,614,0
67.4,5.28,32.1,1561,693,0
85.2,2.18,30.2,1735,484,0
69.5,3.72,24.4,1280,538,0
65.2,4.79,27.9,1555,889,0
66.4,3.06,33.6,1705,808,0
74.9,3.91,35.8,1359,91,0
82.9,3.23,22.8,1757,335,0
84.3,4.54,27.8,1478,266,0
76.7,5.02,30.3,1718,19,0
65.5,5.7,31.5,1681,36,0
69.8,4.61,29.9,1549,422,0
67.8,3.21,33.0,1438,224,0
73.6,4.32,23.0,1365,990,0
60.8,4.69,37.2,1531,289,0
75.9,5.65,24.4,1539,301,0
80.2,1.57,30.1,1778,24,0
73.8,4.46,32.3,1480,695,0
78.7,1.94,35.4,1567,988,0
67.5,4.85,34.1,1834,782,1
63.4,4.54,34.0,1562,857,0
69.9,4.6,35.9,1588,52,0
84.3,5.05,29.1,1819,104,0
83.2,4.47,33.4,1515,292,0
71.4,3.29,37.2,1577,416,0
84.6,4.43,26.2,1648,158,0
72.4,5.41,23.2,1474,33,0
87.1,3.9,25.1,1274,516,0
78.9,4.06,36.6,1204,988,0
71.4,2.64,35.8,1457,407,0
81.4,5.36,28.2,1722,179,0
68.8,3.45,31.0,1696,237,0
67.5,3.18,32.1,1823,172,0
63.4,3.52,34.9,1678,19,0
77.1,3.04,20.9,1367,650,0
74.6,3.74,27.2,1206,702,0
74.4,5.49,28.6,1394,970,0
71.7,4.94,31.4,1444,390,0
86.5,5.66,30.2,1348,118,0
71.6,5.74,28.4,1681,120,0
69.2,3.01,31.3,1339,483,0
85.0,4.58,17.6,1613,768,1
86.4,5.75,44.5,1653,72,0
77.7,6.66,33.8,1149,805,1
61.1,2.41,34.1,1412,209,0
70.2,2.4,26.8,1748,55,0
79.9,4.57,31.9,1666,142,0
75.1,3.65,39.7,1521,656,0
87.4,2.89,38.6,1275,52,0
64.1,4.47,30.3,1356,538,0
80.4,3.13,24.0,1514,951,0
70.0,1.43,30.7,1749,434,0
85.6,4.0,28.5,1595,944,1
74.4,4.17,34.0,1479,242,0
83.2,4.76,23.8,1544,700,0
69.8,5.11,29.0,1652,959,0
63.7,4.24,31.2,1146,263,0
66.1,3.76,27.7,1299,908,0
70.1,3.27,34.9,1503,895,0
66.8,2.14,24.5,1738,892,0
84.6,3.53,24.0,1713,403,0
85.7,5.17,28.2,1341,34,0
77.2,4.77,33.9,1502,281,0
66.7,6.38,28.5,1349,398,0
74.1,3.85,27.1,1419,314,0
69.5,1.98,33.8,1525,685,0
86.6,4.97,31.0,1424,651,1
77.5,5.22,27.4,1385,217,0
78.9,2.69,30.5,1264,477,0
71.8,2.18,28.8,1180,858,0
58.9,4.2,32.8,1458,637,0
68.8,4.84,30.6,1535,748,0
66.1,2.74,26.1,1620,829,0
78.0,3.64,27.6,1333,527,0
75.8,3.14,27.9,1352,721,0
68.6,2.67,31.7,1748,558,0
71.9,2.52,31.7,1579,202,0
87.5,4.18,25.9,1673,67,0
67.3,3.6,29.0,1383,526,0
67.7,3.25,31.4,1353,805,0
73.2,1.03,35.2,1266,869,0
69.4,6.02,31.1,1694,781,0
71.6,2.94,39.2,1269,449,0
79.3,3.87,30.0,1150,682,0
88.9,2.72,33.4,1347,470,0
60.8,4.46,28.3,1749,797,0
74.9,2.29,25.2,1502,313,0
75.3,4.13,30.4,1543,425,0
74.3,3.8,32.2,1519,717,0
73.5,5.07,31.5,1487,887,0
72.3,2.76,30.6,1463,806,0
83.0,3.28,28.3,1216,136,0
71.3,3.75,26.0,1828,136,0
74.0,6.42,28.5,1466,225,0
75.0,2.33,32.2,1738,291,0
75.9,4.35,34.5,1184,130,0
73.6,3.27,14.2,1604,945,0
83.0,4.37,32.8,1260,509,0
74.9,4.76,35.1,1238,45,0
76.4,4.18,36.0,1549,372,0
74.6,4.32,31.7,1702,469,0
67.0,4.33,33.1,1769,744,0
68.4,3.34,27.8,1762,785,0
66.6,3.77,29.5,1442,169,0
76.5,2.12,32.4,1653,309,0
69.3,3.61,24.7,1377,883,0
66.5,3.13,26.1,1388,436,0
76.9,3.72,30.9,1545,576,0
79.2,4.86,23.5,1472,977,1
60.9,4.45,30.2,1665,412,0
88.5,4.55,22.8,1130,78,0
75.3,5.28,30.8,1723,530,0
74.2,1.28,30.0,1380,206,0
83.5,4.5,27.2,1791,211,0
75.6,3.98,25.4,1724,312,0
70.2,3.9,27.5,1266,399,0
92.6,2.51,19.2,1486,172,0
66.4,4.64,28.0,1631,800,0
74.2,5.32,30.5,1338,3,0
81.8,5.19,35.7,1348,923,1
66.4,3.91,27.5,1436,624,0
74.2,4.74,29.1,1645,235,0
78.1,5.06,36.6,1677,7,0
94.2,6.1,38.2,1412,238,1
67.9,5.41,27.6,1662,921,0
74.6,4.17,34.9,1790,346,0
80.3,4.12,35.5,1680,350,0
75.6,4.2,32.4,1351,115,0
65.4,4.27,25.2,1329,670,0
78.3,3.44,25.4,1554,286,0
75.9,4.89,32.7,1660,293,1
78.6,3.21,41.1,1582,76,0
84.1,3.09,29.0,1420,147,0
83.1,4.41,37.4,1312,161,0
78.3,3.35,39.0,1750,987,0
77.5,3.73,23.9,1467,559,0
66.2,1.63,27.0,1869,953,0
73.9,4.92,37.1,1269,305,0
76.8,4.0,34.6,1431,468,0
71.8,3.86,32.5,1370,901,0
75.8,4.53,29.9,1864,736,0
68.4,4.25,32.9,1744,568,0
87.3,3.2,26.9,1399,649,0
92.2,6.3,41.9,1114,60,0
71.9,3.49,24.4,1727,964,0
78.2,5.12,21.3,1524,950,0
73.1,6.1,30.6,1274,707,0
85.1,3.29,36.8,1199,381,0
78.5,4.11,27.5,1578,297,0
75.6,3.07,29.6,1457,268,0
73.2,5.21,25.0,1527,169,0
76.0,3.62,29.6,1577,37,0
67.0,2.74,25.0,1425,14,0
80.4,5.51,25.1,1444,444,0
69.3,5.05,22.8,1629,463,0
79.3,2.99,27.3,1476,246,0
76.0,5.36,38.8,1443,470,0
83.8,4.23,29.6,1626,989,1
74.9,7.11,30.8,1105,291,0
83.2,5.97,40.6,1745,925,1
67.6,3.37,26.9,1587,267,0
79.9,3.69,25.1,1347,520,0
73.2,3.0,32.4,1464,619,0
76.6,4.16,24.0,1743,132,0
75.6,4.06,31.5,1609,852,0
82.5,4.85,35.5,1145,159,0
58.8,4.1,24.7,1297,338,0
77.6,2.32,27.4,1535,528,0
63.0,3.07,38.1,1854,877,0
84.7,5.62,24.8,1651,853,1
59.2,5.32,26.6,1460,345,0
67.0,3.82,31.0,1614,617,0
61.6,3.85,28.4,1503,254,0
88.1,3.81,25.8,1439,377,0
64.7,4.03,37.6,1575,333,0
75.9,2.08,27.1,1075,527,0
70.7,5.03,31.5,1700,405,0
60.6,3.25,27.9,1606,986,0
72.3,4.17,28.8,1412,340,0
80.3,1.11,23.3,1330,859,0
73.5,4.27,34.4,1260,936,0
82.5,5.53,27.8,1554,873,1
72.1,1.44,36.0,1529,964,0
75.1,5.74,24.3,1535,844,1
71.9,4.54,27.6,1840,419,0
77.7,3.16,32.2,1063,584,0
90.2,2.18,30.4,1357,786,0
77.9,5.33,26.7,1346,462,0
76.6,4.3,29.2,1688,750,0
70.1,4.68,23.7,1450,752,0
69.0,3.69,30.2,1313,618,0
86.7,3.09,17.2,1541,213,0
66.1,5.0,30.7,1581,359,0
67.7,2.91,36.4,1820,863,0
74.2,5.03,34.2,1551,356,0
71.6,2.09,34.0,1413,555,0
90.6,2.94,27.9,1400,174,0
56.1,2.34,32.3,1339,509,0
77.9,5.5,28.0,1597,910,1
80.7,1.99,29.5,1662,672,0
66.0,2.69,29.4,1455,884,0
69.8,4.76,13.7,1473,827,0
78.5,4.26,34.3,1774,425,0
88.0,6.51,32.1,1520,143,1
67.6,6.11,34.0,1599,828,0
62.4,4.71,25.3,1285,933,1
82.8,4.79,33.2,1380,667,1
87.2,1.91,32.2,1076,281,0
72.3,2.99,19.2,1229,758,0
57.3,3.62,21.4,1573,479,0
86.6,3.8,30.2,1747,146,0
73.4,2.42,26.7,1447,375,0
84.0,2.93,29.8,1263,704,0
74.7,3.03,26.8,1519,557,0
72.0,5.22,37.1,1727,547,0
71.4,4.49,20.8,1468,210,0
86.8,3.62,23.3,1682,476,0
86.5,3.68,25.2,1488,205,0
57.9,4.33,23.3,1256,603,0
67.5,3.2,27.1,1320,522,0
89.2,3.7,29.8,1449,48,0
72.1,2.02,23.4,1953,497,0
64.1,4.77,31.7,1616,190,0
75.0,5.1,36.2,1453,749,1
74.1,4.42,35.2,1558,925,1
74.2,4.55,39.6,1542,621,0
71.2,4.42,35.4,1412,631,0
72.5,6.34,29.8,1479,160,0
71.4,4.23,38.5,1450,213,0
77.7,2.48,33.3,1647,99,0
68.5,2.8,38.9,1810,860,0
72.7,4.82,29.0,1764,965,1
73.8,5.22,19.8,1437,920,0
85.4,4.88,24.3,1610,647,0
78.0,4.96,30.8,1357,677,0
74.1,4.21,32.6,1284,621,0
79.3,2.29,28.9,1515,911,0
78.2,3.18,34.8,1621,800,0
83.7,1.92,24.4,1488,509,0
79.1,3.55,26.6,1665,490,0
89.4,2.43,34.7,1665,781,0
85.8,4.11,30.2,1651,202,0
74.7,3.8,30.4,1470,619,0
71.7,1.76,36.7,1231,377,0
82.1,4.84,35.2,1858,663,0
79.1,4.87,26.1,1406,380,0
74.2,2.4,30.9,1646,240,0
63.2,4.16,21.8,1597,823,0
60.3,4.82,29.9,1432,531,0
77.8,3.66,31.8,1863,700,0
81.2,4.98,21.6,1634,579,0
81.4,4.21,37.5,1498,860,1
64.7,5.23,39.6,1418,758,0
83.3,4.21,32.4,1309,971,1
70.7,3.8,34.4,1250,695,0
78.1,4.58,37.2,1614,804,0
78.3,4.89,29.1,1413,878,1
68.6,4.28,35.0,1411,666,0
70.3,3.47,31.8,1601,975,0
58.4,3.08,22.6,1432,135,0
67.7,3.56,25.6,1630,146,0
60.6,3.33,27.3,1374,492,0
78.5,4.22,35.1,1398,742,0
75.5,4.18,30.5,1682,648,0
82.3,3.89,34.7,1366,916,0
77.9,3.98,27.7,1621,642,0
69.9,4.18,23.8,1601,355,0
77.8,5.79,39.9,1502,251,0
71.9,5.38,43.1,1173,984,1
79.9,3.32,31.8,1241,644,0
77.5,4.47,29.1,1284,4,0
67.1,3.6,35.7,1246,332,0
75.0,3.87,24.7,1671,471,0
75.4,3.7,29.0,1328,424,0
72.5,3.26,23.1,1255,972,0
82.2,2.41,32.3,1400,294,0
88.7,1.14,31.2,1481,290,0
72.1,4.21,28.1,1170,5,0
72.2,5.35,26.9,1620,717,0
57.0,2.93,22.7,1643,428,0
74.0,4.57,26.0,1382,65,0
71.5,3.53,35.9,1660,622,0
57.7,4.3,28.3,1193,211,0
77.3,3.05,36.1,1391,176,0
79.7,3.71,25.8,1468,810,0
69.1,3.85,29.6,1514,13,0
72.0,1.23,27.8,1727,952,0
67.3,4.23,28.8,1435,883,0
81.1,3.82,33.7,1300,229,0
62.9,1.11,20.1,1542,235,0
72.5,4.73,33.6,1531,481,0
90.6,3.94,33.4,1588,57,0
75.4,4.21,30.0,1434,816,0
78.7,4.39,30.4,1534,522,0
73.8,3.49,28.9,1387,838,0
65.6,2.73,33.3,1611,826,0
74.7,3.46,30.3,1369,628,0
78.3,3.48,25.9,1378,727,0
66.8,6.55,30.7,1730,993,1
77.7,6.11,34.6,1350,296,0
85.0,3.41,31.8,1500,258,0
83.6,3.49,30.2,1612,491,0
62.3,4.35,31.0,1437,174,0
67.2,4.63,27.6,1678,661,0
62.1,3.17,27.8,1385,928,0
83.6,2.81,21.0,1701,622,0
79.9,6.22,29.1,1193,335,0
80.6,5.2,34.7,1233,600,0
68.0,2.17,28.1,1513,621,0
65.7,1.92,25.7,1781,30,0
75.6,3.01,34.3,1817,737,0
75.8,4.22,30.8,1330,272,0
68.2,4.6,30.7,1494,297,0
76.1,3.57,32.3,1403,92,0
80.2,2.09,33.4,1078,791,0
76.8,4.22,29.8,1642,756,0
66.7,4.67,26.0,1426,215,0
58.1,3.97,38.4,1769,411,0
72.9,3.39,30.3,1554,740,0
76.3,4.64,26.3,1395,478,0
72.9,3.9,30.9,1364,645,0
71.6,2.66,35.7,1463,441,0
69.5,4.08,23.2,1589,799,0
80.7,2.46,36.3,1403,786,0
74.6,5.09,29.4,2051,732,1
76.0,4.51,39.6,1541,123,0
67.2,2.8,33.2,1276,494,0
70.0,4.21,29.5,1515,588,0
76.3,5.42,36.0,1725,72,0
67.0,1.46,36.1,1584,622,0
64.9,3.8,28.3,1434,803,0
72.4,5.89,31.1,1369,597,0
84.6,2.15,27.6,1344,945,0
76.5,3.77,34.4,1267,263,0
86.7,2.3,23.3,1398,748,0
73.9,3.88,29.2,1551,739,0
72.5,1.16,19.8,1388,759,0
63.9,2.07,32.8,1820,466,0
70.4,3.34,19.4,1574,604,0
86.5,4.13,25.0,1412,825,0
77.6,4.41,31.3,1493,994,1
80.9,4.46,28.3,1788,370,0
80.6,5.31,27.9,1164,316,0
74.9,4.78,25.4,1546,182,0
73.4,4.83,27.8,2027,268,0
76.0,2.82,21.6,1697,275,0
80.4,3.78,31.6,1322,365,0
78.7,7.7,33.9,1524,293,0
78.9,6.62,33.7,1453,155,0
76.2,4.94,29.8,2047,593,0
68.8,4.83,35.9,1367,597,0
72.9,5.12,32.2,1446,323,0
67.5,3.49,34.6,1435,703,0
83.0,6.26,31.9,1219,285,1
58.2,3.52,30.2,850,463,0
73.3,3.87,26.4,1453,113,0
94.1,6.52,17.5,1601,68,1
72.3,1.52,33.1,1414,579,0
65.9,4.39,29.5,1597,811,0
74.9,1.94,39.5,1648,981,0
85.3,3.2,20.6,1637,100,0
73.7,3.86,34.0,1165,31,0
79.9,3.55,25.5,1796,412,0
75.8,4.17,30.0,1669,676,0
72.0,3.06,25.8,1658,911,0
100.2,3.84,31.7,1502,415,0
75.6,2.56,29.9,1499,539,0
70.7,3.51,34.2,1393,14,0
71.1,2.33,30.7,1582,239,0
78.0,4.74,32.3,1681,906,1
78.3,2.44,36.1,1387,290,0
81.2,4.78,32.5,1661,886,0
76.1,3.48,29.4,1408,202,0
63.5,3.61,35.9,1616,214,0
79.3,5.36,29.5,1471,349,1
72.5,4.09,32.0,1669,384,0
72.7,1.72,28.5,1879,436,0
63.1,4.55,26.9,1544,473,0
70.4,0.53,15.7,1403,617,0
69.2,4.28,33.3,1416,297,0
74.7,3.49,24.5,1622,548,0
63.4,2.31,33.5,1402,559,0
75.4,4.06,38.6,1692,749,0
76.0,3.6,23.8,1558,984,0
66.0,6.34,34.2,1678,542,0
70.0,3.44,29.6,1391,850,0
68.1,6.27,32.2,1311,871,0
82.3,5.6,24.3,1353,567,1
54.8,3.24,30.2,1578,960,0
72.3,3.0,30.8,1345,100,0
61.7,5.53,36.8,1637,300,0
71.5,3.8,40.2,1095,748,0
81.8,4.15,31.5,1369,97,0
70.0,3.66,28.3,1468,163,0
76.1,2.53,40.6,1140,78,0
68.2,3.52,29.5,1380,882,0
90.5,2.82,29.8,1205,414,0
82.3,2.14,30.5,1486,253,0
84.0,3.62,32.3,1453,857,0
64.4,6.09,33.4,1646,689,0
66.2,5.89,27.3,1335,249,0
83.6,3.89,29.5,1179,204,0
73.4,4.13,39.0,1393,726,0
72.9,4.57,37.7,1526,968,0
77.7,5.58,32.2,1519,216,0
65.0,4.34,31.4,1534,4,0
81.2,3.4,29.0,1741,923,0
75.1,3.5,34.9,1430,664,0
78.8,5.31,27.6,1459,147,0
69.6,7.07,30.7,1334,185,0
79.1,3.22,27.9,1384,285,0
69.4,1.52,27.1,1706,193,0
82.6,4.93,30.3,1572,809,1
84.0,3.87,30.1,985,980,1
82.3,4.13,27.3,1738,427,0
79.1,5.44,29.8,1109,243,0
80.1,4.05,30.4,1420,290,0
53.4,2.38,27.8,1692,918,0
81.7,1.62,27.0,1527,669,0
72.8,3.91,29.4,1611,917,0
75.8,2.58,33.4,1672,758,0
72.7,4.31,35.3,1560,264,0
63.9,2.44,31.0,1253,230,0
70.7,3.54,28.8,1574,793,0
80.3,2.21,29.9,1364,894,0
86.3,3.53,39.2,1025,94,0
70.0,3.43,34.4,1444,262,0
67.8,4.68,25.6,1609,322,0
86.6,5.57,29.8,1525,699,1
67.9,3.75,27.6,1503,223,0
91.6,2.93,28.3,1844,480,0
75.4,6.3,22.1,1555,502,0
67.9,4.4,30.2,1681,876,0
82.9,4.7,23.6,1566,27,0
88.5,4.69,27.3,1826,496,0
63.5,5.71,37.3,1429,504,0
87.5,5.17,34.8,1734,390,1
72.7,4.78,26.0,1860,87,0
86.9,4.88,25.2,1428,401,0
72.0,2.94,25.8,1708,720,0
62.4,3.24,21.1,1235,987,0
79.0,3.84,25.4,1564,959,0
82.4,4.08,28.8,1647,915,0
91.8,3.99,25.1,1338,882,1
88.8,4.34,33.7,1149,69,0
80.6,4.0,29.8,1512,909,0
73.1,3.46,27.6,1438,245,0
70.8,2.03,38.4,1539,838,0
72.6,4.97,33.5,1560,744,1
68.4,4.67,30.4,1667,832,0
72.8,2.92,38.9,1811,486,0
54.6,4.56,36.3,1588,425,0
76.4,4.44,26.7,1202,599,0
74.8,4.06,31.6,1636,862,0
95.5,1.77,28.0,1580,648,0
81.1,2.53,23.3,1532,479,0
71.2,3.25,39.1,1816,186,0
79.5,5.9,37.2,1556,547,1
65.2,2.94,24.0,1433,986,0
70.2,3.55,32.4,1596,240,0
60.1,2.64,22.3,1189,772,0
86.5,3.38,35.2,1693,802,0
79.7,4.38,29.8,1516,957,0
65.6,1.49,28.7,1838,807,0
74.5,0.57,36.1,1640,629,0
82.6,4.76,30.1,1579,496,0
79.0,4.01,28.9,1542,434,0
78.1,3.24,34.4,1272,623,0
68.1,5.13,28.6,1489,227,0
69.9,5.13,34.3,1564,329,0
75.8,1.46,30.1,1700,876,0
82.4,3.77,34.0,1591,87,0
68.4,5.3,33.1,1643,927,0
66.0,3.17,33.9,1641,721,0
84.2,3.59,25.3,1402,29,0
67.6,5.11,39.1,1566,496,0
83.6,3.65,29.3,1464,447,0
76.9,2.53,38.5,1260,636,0
82.0,3.15,27.2,1209,420,0
89.0,2.38,28.8,1669,979,0
80.5,4.63,28.8,1789,458,0
81.2,1.9,35.6,1787,29,0
67.7,5.17,28.1,1340,290,0
69.4,2.0,32.1,1802,268,0
80.2,4.02,22.6,1814,107,0
87.3,2.21,27.8,1357,63,0
86.1,3.59,31.2,1603,844,0
93.5,5.19,29.6,1844,58,0
77.5,5.31,21.1,1525,84,0
76.6,5.53,32.5,1741,78,0
83.0,3.86,25.5,1385,645,0
75.2,4.1,39.4,1441,459,0
74.5,4.25,29.2,1681,403,0
66.6,4.71,40.9,1475,771,0
82.9,3.49,33.3,1533,477,0
66.4,5.29,32.3,1526,425,0
79.1,4.36,27.8,1306,715,0
63.6,5.34,29.5,1802,335,0
83.8,4.54,32.3,1481,250,0
66.8,4.78,20.7,1443,865,0
81.7,3.09,34.9,1420,24,0
62.3,3.47,24.5,1520,636,0
71.5,2.42,28.9,1324,46,0
84.4,3.61,16.9,1678,123,0
68.6,3.76,32.3,1441,232,0
75.5,4.97,33.7,1664,242,0
71.2,2.46,31.5,1335,592,0
56.5,7.85,31.6,1307,608,0
77.5,3.82,28.3,1326,940,0
78.5,5.48,30.8,1553,781,0
66.1,5.22,35.9,1247,23,0
79.6,0.94,28.0,1673,408,0
68.6,3.65,32.5,1442,753,0
67.0,5.74,33.6,1684,984,0
75.1,1.06,29.0,1432,434,0
69.5,4.89,31.2,1667,60,0
93.3,2.87,31.1,1305,130,0
62.6,3.41,27.7,1290,753,0
80.9,4.24,41.8,1624,774,0
82.9,1.73,28.0,1398,565,0
59.2,4.2,38.4,1715,651,0
61.1,3.19,35.3,1370,808,0
79.5,3.07,20.3,1607,528,0
71.1,4.81,31.3,1345,266,0
78.1,8.18,35.1,1163,634,1
84.1,4.38,34.0,1789,114,0
72.0,4.63,25.7,1465,713,0
66.5,3.91,31.3,1697,415,0
53.2,3.1,24.3,1541,420,0
76.6,4.28,25.1,1168,618,0
67.6,5.79,28.9,1584,714,0
77.5,4.19,31.0,1719,378,0
76.9,5.03,37.9,1760,895,1
63.9,3.69,31.8,1829,947,0
88.8,6.99,35.2,1583,960,1
83.7,1.99,24.3,1485,927,0
81.8,4.67,24.5,1519,517,0
65.5,4.61,27.7,1276,255,0
71.7,4.28,38.6,1650,854,0
70.6,2.62,23.6,1648,539,0
71.7,2.6,22.4,1574,300,0
66.0,3.68,29.7,1353,512,0
78.5,4.08,35.8,1632,421,0
76.8,2.51,22.2,1397,470,0
77.9,2.68,28.9,1751,952,0
71.0,4.63,23.5,1385,499,0
85.3,5.2,37.1,1401,359,0
76.5,3.29,33.4,1442,749,0
53.1,3.12,31.4,1302,854,0
69.9,3.09,29.8,1328,703,0
74.5,6.93,28.9,1449,78,0
82.7,4.55,30.7,1019,333,0
72.6,3.88,26.9,1899,921,0
73.0,5.17,25.8,1578,589,0
69.7,6.71,24.7,1562,86,0
80.3,5.36,30.1,1330,702,0
71.4,2.24,26.2,1542,699,0
70.2,3.85,34.3,1502,257,0
69.1,3.47,19.9,1523,719,0
79.5,3.54,32.8,1212,227,0
70.7,2.49,32.7,1481,956,0
61.6,3.49,36.0,1130,637,0
80.0,2.65,28.8,1464,155,0
69.4,4.36,22.8,1328,552,0
77.9,4.01,25.6,1383,855,0
78.0,2.26,35.6,1439,164,0
84.6,1.9,28.6,1669,867,0
83.4,3.38,28.1,1744,881,0
70.4,4.74,27.2,1509,111,0
73.7,4.55,29.7,1290,851,1
64.7,3.87,29.0,1797,23,0
88.4,0.5,22.5,1225,620,0
78.5,3.36,27.2,1394,575,0
86.2,3.06,35.0,1460,955,0
72.4,3.55,37.1,1357,597,0
58.6,2.49,29.5,1766,454,0
87.3,3.43,27.5,1582,191,0
75.7,3.15,36.7,1715,719,0
76.1,7.22,29.2,1444,867,1
75.4,4.8,24.3,1674,339,0
80.2,3.72,29.4,1472,955,0
79.3,3.89,33.4,1473,828,0
62.3,3.81,37.6,1561,406,0
83.7,4.18,27.7,1579,222,0
70.8,3.46,32.7,1615,360,0
71.3,3.93,28.4,1460,541,0
88.8,5.19,35.6,1205,103,0
82.4,4.95,31.3,1439,954,1
72.3,4.32,31.3,971,378,0
60.1,5.55,25.3,1445,221,0
76.3,4.22,28.5,1340,611,0
79.3,2.77,28.5,1664,743,0
74.4,1.85,12.5,964,155,0
65.0,3.11,34.2,1898,372,0
68.7,3.88,30.0,1433,406,0
65.0,4.43,29.0,1185,844,0
76.7,5.25,28.3,1585,258,0
81.6,3.26,30.2,1597,354,0
83.2,2.98,31.2,1585,196,0
69.1,4.88,23.7,1932,495,0
76.9,5.37,30.7,1336,390,0
79.4,3.38,30.6,1559,700,0
70.9,4.36,30.2,1530,362,0
73.8,5.61,22.8,1365,177,0
92.0,4.34,29.4,1558,140,0
76.6,3.89,23.8,1750,702,0
82.1,1.45,31.7,1332,151,0
71.5,5.55,36.4,1590,169,0
75.3,4.73,34.3,1700,703,0
61.3,4.1,28.4,1630,752,0
74.8,3.39,27.4,1183,58,0
84.5,2.45,27.3,1556,109,0
91.8,3.83,31.7,1424,265,0
84.6,3.82,26.8,1743,346,0
80.5,5.27,27.4,1475,505,0
75.4,2.49,17.8,1889,167,0
70.2,5.69,25.9,1256,925,1
73.7,3.99,26.2,1599,159,0
79.9,5.38,27.4,1327,892,1
68.7,2.78,35.9,1852,278,0
82.5,4.37,23.4,1812,582,0
67.1,5.42,23.6,1317,446,0
60.8,4.09,33.0,1650,174,0
66.9,2.18,25.3,1492,115,0
61.7,3.55,29.2,1178,443,0
64.0,4.6,30.9,1293,432,0
84.1,2.27,30.1,1520,37,0
73.4,2.21,26.3,1603,360,0
76.7,4.23,34.5,1426,28,0
84.3,2.81,37.3,1559,61,0
85.1,4.77,25.2,1562,736,1
71.0,2.54,28.7,1557,908,0
85.6,1.74,34.6,1265,196,0
78.1,3.02,29.0,1528,450,0
75.0,5.75,25.2,1606,916,0
78.5,2.91,27.9,1204,316,0
63.6,3.95,34.1,1806,171,0
68.7,4.25,25.2,1789,701,0
74.1,2.81,31.3,1533,243,0
79.9,5.26,31.9,1915,492,0
72.0,4.17,26.9,1341,303,0
74.0,4.49,32.8,1313,392,0
82.8,1.93,33.3,1377,207,0
86.3,1.85,34.9,1358,17,0
81.1,0.64,34.6,1866,380,0
85.1,3.73,22.8,1510,871,0
71.8,3.68,34.4,1489,680,0
72.5,4.82,32.9,1573,880,0
77.5,5.74,34.8,1816,319,0
72.6,3.65,25.9,1534,15,0
70.9,3.63,34.4,1426,209,0
88.2,4.5,31.8,1554,288,0
73.4,5.79,24.4,1750,888,0
67.3,2.96,36.2,1460,912,0
78.9,4.71,26.2,1781,245,0
89.7,3.66,25.1,1561,252,0
75.6,3.55,32.0,1466,430,0
84.9,4.93,27.1,1598,263,0
71.5,3.01,31.8,1892,823,0
71.1,2.67,28.8,1452,699,0
69.5,4.76,31.4,1774,935,1
73.9,3.93,34.0,1613,418,0
89.7,3.64,29.9,1532,996,1
65.8,3.8,34.3,1511,406,0
88.1,4.55,34.2,1663,237,0
66.9,3.51,26.0,1623,826,0
73.1,4.88,34.2,1575,686,0
81.7,4.45,33.0,1631,442,0
80.0,5.74,30.7,1331,631,0
77.3,5.48,35.5,1372,44,0
61.8,4.99,38.1,1303,552,0
77.9,3.71,33.7,1433,17,0
66.8,4.1,22.9,1459,525,0
95.6,3.25,32.2,1428,854,0
73.3,7.38,29.4,1607,81,0
76.5,3.69,28.7,1314,303,0
65.8,4.63,31.7,1453,329,0
71.2,5.59,28.5,1672,90,0
64.7,2.32,38.0,1834,544,0
82.9,2.97,31.4,1512,814,0
72.9,3.48,30.2,1738,609,0
79.5,2.76,33.9,1772,101,0
69.5,2.44,33.9,1300,233,0
71.0,3.34,35.8,1549,475,0
85.3,5.51,33.1,1294,737,1
67.2,4.83,29.9,1424,373,0
60.6,4.0,30.7,1581,993,0
78.2,3.99,19.6,1251,497,0
65.9,1.97,23.0,1606,995,0
71.5,4.8,35.1,1473,809,0
82.3,4.47,28.5,1453,189,0
68.5,2.66,38.9,1607,896,0
82.0,4.21,38.8,1339,434,0
69.6,3.73,24.0,1167,944,0
86.9,3.34,31.6,1506,393,0
85.6,2.77,44.1,1359,783,0
71.2,3.15,26.3,1462,736,0
73.3,2.83,32.0,1284,264,0
68.3,4.52,29.0,1316,70,0
76.6,4.4,28.9,1298,173,0
84.2,4.35,28.7,1248,388,0
63.4,3.74,30.0,1340,907,0
82.3,3.47,33.8,1346,521,0
64.4,6.41,26.2,1505,919,0
68.1,1.73,32.5,2123,838,0
60.7,5.4,26.7,1378,905,0
91.8,4.39,32.6,1187,571,1
75.5,4.05,31.6,1613,641,0
77.0,3.35,26.3,1257,657,0
69.6,3.7,30.8,1324,956,0
83.5,2.54,26.5,1432,852,0
58.2,2.3,26.0,1507,596,0
75.2,3.83,35.7,1513,618,0
92.7,1.98,21.3,1547,578,0
71.9,4.97,32.8,1475,686,0
75.1,5.3,33.5,1716,838,1
80.4,0.5,27.2,1663,21,0
68.5,2.1,35.4,1392,625,0
75.2,4.29,34.5,1456,693,0
82.7,4.22,23.8,1232,107,0
76.6,4.1,32.6,1628,151,0
78.0,4.47,32.4,1457,722,0
72.2,4.86,26.5,1872,350,0
77.5,5.0,32.9,1365,742,0
75.4,6.11,33.7,1796,988,0
86.6,4.0,26.6,1318,724,0
80.8,5.0,20.4,1168,555,0
73.1,2.02,32.0,1329,88,0
55.4,3.81,26.5,1565,828,0
80.7,2.5,21.7,1697,705,0
81.0,5.64,28.2,1326,233,0
67.7,6.77,18.5,1687,847,0
59.0,4.62,28.4,1395,822,0
65.9,2.41,37.4,1397,845,0
82.4,3.83,16.3,1438,393,0
66.5,4.0,32.3,1821,737,0
71.3,4.21,25.6,1533,601,0
76.8,5.28,28.1,1557,270,0
84.8,5.11,25.7,1201,210,0
74.9,0.79,33.2,1529,277,0
74.2,5.61,30.0,1551,5,0
70.6,3.37,26.3,1816,73,0
88.0,3.3,23.7,1326,705,0
83.5,5.67,28.0,1359,923,1
74.2,3.65,35.7,1317,899,0
63.8,2.33,24.2,1369,848,0
68.7,2.38,32.1,1628,322,0
79.6,4.04,31.7,1341,232,0
69.2,5.06,20.4,1746,409,0
82.1,5.77,35.4,1503,674,1
77.9,3.77,29.9,1318,900,0
77.3,3.41,40.9,1369,463,0
80.2,5.92,38.5,1227,895,1
79.0,3.42,28.9,1212,864,0
68.2,5.72,29.3,1721,400,0
72.4,4.25,25.2,1668,127,0
93.7,4.26,23.4,1303,639,1
65.3,3.69,34.0,1407,401,0
71.2,4.33,28.9,1809,905,0
83.5,3.42,28.1,1353,500,0
73.7,3.16,29.3,1539,554,0
68.5,3.81,33.4,1594,612,0
64.4,3.19,34.7,1456,317,0
79.3,4.34,30.1,1458,217,0
83.2,4.07,29.1,1429,555,0
86.2,3.66,30.6,1518,99,0
75.4,3.73,40.2,1189,600,0
83.4,3.7,20.0,1504,553,0
66.7,6.06,24.4,1530,929,0
76.3,3.96,32.4,1235,38,0
69.6,3.26,30.8,1582,249,0
76.4,3.62,36.1,1312,244,0
81.0,4.77,36.5,980,924,1
83.6,3.73,39.8,1114,491,0
67.1,3.79,26.2,1512,959,0
85.1,3.66,33.1,1603,529,0
71.2,4.17,28.9,1410,213,0
66.8,4.44,34.8,1209,65,0
73.6,4.5,31.0,1461,637,0
63.3,2.01,34.4,1673,927,0
75.0,2.69,26.5,1484,467,0
77.3,0.82,30.9,1205,941,0
73.4,4.93,27.6,1584,408,0
79.3,5.3,28.8,1453,8,0
72.5,5.53,27.9,1458,904,0
75.0,4.14,25.1,1504,443,0
63.5,5.35,35.6,1602,353,0
75.3,3.93,31.6,1471,994,0
68.2,3.83,35.5,1304,441,0
71.4,2.12,25.2,1471,172,0
74.3,3.03,20.5,1518,360,0
76.5,3.26,27.0,1723,562,0
61.8,5.07,29.4,1252,947,0
62.5,5.96,34.0,1465,832,0
72.6,3.41,35.3,1320,411,0
78.8,4.42,36.1,1545,917,1
77.9,4.3,37.7,1385,624,0
82.1,3.04,33.7,889,252,0
85.4,1.91,30.7,1678,198,0
79.0,3.07,26.4,1362,57,0
74.8,2.25,33.5,1278,199,0
66.7,3.59,27.7,1197,179,0
67.4,3.8,26.2,1282,167,0
71.3,3.75,33.0,1238,175,0
77.1,3.77,31.2,1463,376,0
76.8,4.55,34.3,1520,29,0
75.0,2.85,26.6,1476,242,0
73.8,5.03,35.9,1562,609,0
80.0,1.97,31.9,1329,491,0
76.7,4.04,29.3,1610,616,0
77.4,4.43,26.4,1471,651,0
77.5,3.02,24.8,1578,715,0
70.6,2.06,23.4,1612,178,0
66.8,4.73,37.0,1419,726,0
78.9,3.16,23.2,1734,811,0
78.3,4.9,33.2,1648,707,0
73.2,4.89,28.9,1412,518,0
71.7,3.96,27.3,1836,112,0
93.2,3.97,27.8,1818,233,0
68.9,5.15,29.7,1191,477,0
73.3,4.42,34.6,1052,340,0
77.1,2.85,32.9,1371,397,0
65.8,4.17,30.1,1583,262,0
75.9,4.63,23.4,1675,471,0
89.4,4.21,21.4,1622,803,1
82.5,4.19,39.3,1490,90,0
80.1,3.79,25.2,1682,972,0
79.7,3.83,22.4,1632,162,0
75.9,2.85,35.6,1407,842,0
82.7,2.26,22.8,1529,224,0
73.8,5.31,33.8,1701,257,0
71.6,3.21,34.7,1368,887,0
75.8,4.23,31.3,1371,952,1
82.2,2.17,34.9,1330,554,0
77.6,4.16,23.3,1779,739,0
80.4,2.98,24.1,1625,258,0
58.8,7.51,29.2,1659,97,0
84.5,2.75,30.1,1421,338,0
93.7,2.81,29.7,1489,306,0
85.7,5.09,32.4,1731,320,0
72.5,5.33,26.5,1440,633,0
68.2,1.45,19.7,1725,192,0
77.2,4.27,32.1,1490,374,0
67.1,5.02,29.0,1490,567,0
80.8,2.51,34.1,1602,968,0
70.8,4.78,40.3,1662,557,0
82.7,3.34,30.5,1837,697,0
85.9,2.77,33.0,1427,487,0
58.7,3.55,25.7,1824,792,0
77.3,3.42,34.6,1347,48,0
69.4,2.31,31.8,1327,403,0
63.7,6.64,31.3,1059,208,0
70.1,3.42,34.6,1659,354,0
73.2,3.08,24.6,1784,300,0
83.3,4.98,32.9,1262,702,1
62.8,3.88,32.4,1432,610,0
83.4,5.56,37.9,1445,660,1
91.1,3.65,21.2,1192,436,0
79.8,4.38,29.7,1509,177,0
79.4,4.08,40.9,1554,224,0
74.9,4.16,28.1,1398,542,0
65.6,3.72,28.0,1297,247,0
79.3,3.84,38.9,1522,440,0
78.1,5.96,42.4,1612,929,1
80.9,3.15,30.7,1220,303,0
95.6,3.31,26.6,1476,106,0
80.8,3.56,27.2,1605,965,0
78.4,4.65,28.2,949,817,0
87.5,4.44,26.0,1559,110,0
64.2,5.08,26.1,1831,891,0
65.9,2.37,31.0,1246,599,0
72.0,4.27,30.3,1751,188,0
69.8,3.76,32.4,1439,749,0
80.6,3.62,30.2,1614,428,0
72.5,4.16,24.2,1465,925,0
88.9,1.62,33.7,1273,959,0
87.2,4.29,31.3,1162,71,0
81.2,4.14,27.2,1962,861,0
71.9,2.26,28.8,1235,46,0
79.9,3.85,31.7,1444,900,0
81.5,5.81,30.5,1775,488,1
66.5,3.5,29.5,1556,87,0
77.8,4.67,33.9,1531,400,0
80.6,3.7,35.3,1104,327,0
76.7,3.0,28.6,1376,696,0
87.6,2.87,30.0,1237,708,0
84.7,3.49,24.7,1146,368,0
68.4,5.51,29.3,1568,714,0
76.0,4.94,32.4,1659,10,0
68.3,3.13,34.3,1346,233,0
79.6,5.15,30.9,1370,109,1
68.1,3.81,29.7,1581,160,0
82.4,3.14,26.6,1669,293,0
78.1,4.48,31.2,1291,180,0
82.8,2.88,24.7,1726,517,0
73.8,2.1,30.7,1680,960,0
63.3,5.5,30.2,1498,927,0
89.1,1.79,25.6,1280,766,0
73.6,4.61,31.7,1608,811,0
86.0,2.15,29.0,1632,142,0
78.4,3.93,33.0,1841,83,0
80.4,3.73,27.7,1380,660,0
89.6,3.44,32.5,1807,422,0
77.7,1.37,37.8,1428,192,0
86.2,3.84,31.0,1600,85,0
63.1,3.92,34.0,1475,306,0
82.0,2.9,26.9,1514,448,0
73.1,3.89,28.4,1785,23,0
73.9,5.15,20.8,1363,406,0
75.1,3.11,29.3,1660,158,0
77.8,4.27,24.6,1445,873,0
88.3,2.6,30.6,1490,727,1
60.2,4.42,20.0,1357,211,0
75.4,4.73,25.9,1536,127,0
69.3,6.91,30.5,1107,782,1
84.3,5.04,32.0,1447,759,0
71.6,4.48,22.0,1696,972,1
78.7,5.64,28.1,1662,138,0
71.8,2.79,42.6,1179,552,0
80.3,5.24,33.9,1278,823,1
83.1,3.32,30.9,1417,446,0
71.8,3.24,16.6,1865,249,0
75.4,5.27,25.6,1414,127,0
63.6,4.25,32.6,1496,288,0
77.4,5.54,31.2,1450,361,0
81.9,2.26,32.3,1557,653,0
70.6,4.29,34.8,1319,78,0
84.0,3.35,30.6,1549,753,0
58.4,3.65,34.2,1591,128,0
60.2,1.72,21.3,1703,266,0
63.9,5.08,42.3,1325,451,0
71.1,4.22,28.6,1675,48,0
75.1,2.81,26.9,1876,342,0
74.4,2.38,37.4,1653,950,0
74.5,2.95,33.0,1633,950,0
80.8,5.63,34.8,1018,808,1
71.2,3.86,27.0,1762,299,0
64.9,3.58,31.4,1875,536,0
65.0,4.56,33.5,1739,815,0
91.9,3.99,24.5,1598,1,0
56.2,4.25,29.0,1662,417,0
73.6,4.86,28.9,2090,529,0
86.7,4.37,28.6,1359,624,1
78.9,5.02,26.6,1419,237,0
68.4,2.57,23.9,1716,338,0
75.0,4.06,32.2,1549,997,0
81.9,3.56,31.3,1073,80,0
84.7,4.11,35.7,1543,823,0
67.8,3.94,29.7,1567,584,0
81.1,3.23,26.8,1315,989,0
77.0,3.57,23.0,1574,581,0
83.8,5.1,30.5,1547,401,0
86.1,3.33,28.5,1143,963,1
72.3,2.52,39.9,1601,600,0
63.4,4.69,41.3,1924,595,0
78.2,5.13,37.8,1844,829,0
89.2,3.67,25.6,1275,345,0
80.5,4.14,23.2,1238,599,0
76.8,3.0,28.9,1511,788,0
94.2,3.75,25.7,1554,219,0
66.7,5.29,37.0,1234,245,0
82.2,4.94,30.6,1352,753,1
70.4,4.17,28.1,1768,854,0
75.4,3.67,30.0,1547,703,0
75.7,2.08,36.2,1704,641,0
87.1,4.36,25.4,1493,135,0
67.5,4.53,32.4,1702,846,0
70.7,5.24,23.6,1394,983,0
62.3,6.37,29.0,1396,884,0
78.9,4.44,26.8,1311,527,0
71.3,5.12,31.6,1119,126,0
78.4,2.68,30.8,1420,445,0
66.4,5.41,35.9,1230,916,0
72.1,5.02,33.4,1406,675,0
83.3,5.6,27.1,1527,153,0
73.6,4.79,23.6,1533,951,1
80.0,4.53,26.1,1576,656,0
79.2,5.74,28.0,1420,762,1
72.2,3.22,28.9,1487,108,0
62.5,4.76,26.3,1727,604,0
82.9,5.27,35.3,1468,792,0
76.4,3.08,34.6,1504,161,0
82.9,2.65,28.7,1012,276,0
58.9,4.51,27.6,1279,870,0
61.8,4.15,28.9,1715,532,0
57.9,4.72,29.8,1326,778,0
68.0,4.76,29.9,1284,771,0
83.3,3.11,22.1,1690,526,0
79.5,4.4,27.9,1254,424,0
74.7,5.33,20.9,1694,740,0
76.0,3.59,30.2,1477,376,0
81.1,3.68,33.3,1373,675,0
72.6,2.69,24.8,1090,92,0
78.2,4.97,30.8,1761,745,0
76.1,6.3,27.0,1136,765,1
57.5,2.41,26.6,1252,831,0
71.9,4.9,39.6,1653,504,0
85.9,5.07,34.4,1250,818,1
71.8,3.36,32.4,1597,221,0
73.9,3.58,27.9,1489,18,0
70.1,2.79,32.0,1442,887,0
71.1,3.1,29.1,1286,129,0
84.0,4.21,32.3,1365,229,0
72.9,4.78,25.6,1551,279,0
66.8,4.15,29.7,1301,23,0
50.1,5.02,28.1,1622,236,0
70.4,4.26,23.1,1544,403,0
59.3,2.65,38.3,1604,169,0
60.4,5.72,34.0,1542,921,0
81.4,5.4,26.2,1608,56,0
80.7,3.19,22.8,1572,290,0
59.7,6.09,26.5,1660,214,0
81.8,4.57,25.9,1571,537,0
78.7,4.18,27.0,1560,81,0
68.7,6.26,22.6,1313,542,0
80.9,1.1,26.0,1152,165,0
62.0,2.14,30.3,1506,755,0
65.4,4.85,32.0,1687,385,0
63.5,3.74,20.3,1311,370,0
66.1,2.92,30.0,1180,858,0
82.0,5.79,25.2,1387,163,0
64.3,4.6,24.9,1567,515,0
65.8,2.53,28.5,1666,729,0
67.4,3.25,26.7,1432,486,0
76.6,5.02,33.4,1261,995,1
72.3,6.12,33.5,1483,996,0
81.9,1.69,28.5,1631,80,0
69.3,4.32,26.9,1485,947,1
64.7,3.58,38.8,1697,890,0
71.0,1.99,39.2,1395,108,0
75.3,3.84,31.9,1669,756,0
67.5,2.16,29.3,1821,336,0
77.2,3.4,35.0,1297,262,0
89.5,5.93,37.1,1323,529,1
70.3,4.63,27.4,1625,81,0
75.3,4.95,38.9,2117,790,0
85.7,4.74,29.2,1596,963,1
69.7,4.45,35.4,1490,291,0
68.1,5.17,27.5,1756,987,0
66.2,2.67,30.3,1473,940,0
78.1,3.62,27.8,1174,440,0
79.0,5.04,30.1,1306,463,1
73.7,3.19,35.0,1764,645,0
75.2,3.53,25.6,1161,67,0
85.1,5.45,28.5,1212,209,0
81.8,5.84,32.7,1659,558,1
63.6,3.33,27.7,1525,359,0
74.8,3.09,40.0,1736,509,0
75.7,4.73,22.8,1285,173,0
80.6,4.36,42.5,1349,954,0
73.0,3.25,26.8,1427,431,0
69.6,4.74,34.8,1250,239,0
71.1,4.69,38.0,1449,45,0
60.6,4.14,32.6,1462,580,0
74.6,7.49,23.1,1668,410,0
70.0,5.64,28.4,1478,684,0
78.5,5.0,30.4,1416,695,0
66.6,5.24,32.8,1594,67,0
71.3,7.51,34.9,1716,103,0
66.9,5.33,35.6,1703,457,0
66.2,3.21,37.3,1551,430,0
80.3,4.42,25.3,1420,422,0
71.0,4.13,34.9,1402,526,0
78.3,3.38,21.4,1235,442,0
65.8,4.35,30.7,1509,844,0
75.5,4.34,24.7,1491,594,0
61.2,3.98,21.2,1824,297,0
70.9,3.48,34.6,1539,402,0
70.7,5.02,29.9,1644,233,0
79.4,2.18,34.9,1756,568,0
76.1,5.02,22.2,1123,870,1
73.3,4.06,24.0,1367,648,0
81.4,4.37,29.5,1449,921,1
76.2,1.26,26.7,1520,756,0
79.0,6.02,30.4,1270,592,1
80.8,2.02,26.9,1667,829,0
74.1,3.04,28.3,1676,670,0
72.3,4.81,24.3,1596,13,0
77.3,3.34,36.4,1631,649,0
71.3,3.57,28.4,1277,772,0
77.7,1.43,24.2,1722,774,0
83.5,3.54,33.4,1374,284,0
81.5,4.3,32.4,1120,179,0
71.6,4.85,31.1,1520,0,0
64.4,3.71,31.1,1580,229,0
74.2,4.31,28.1,1360,190,0
73.6,4.57,29.4,1166,288,0
83.5,3.26,19.0,1266,99,0
71.6,3.17,22.3,1465,184,0
73.0,6.35,23.9,990,126,0
80.5,3.05,31.4,1700,239,0
70.8,5.5,36.1,1695,400,0
73.4,4.14,29.2,1460,815,0
88.3,5.78,28.7,1707,917,1
86.5,3.3,35.6,1463,589,0
79.7,4.66,28.2,1269,512,0
76.8,4.44,33.3,1622,488,0
66.9,3.79,32.1,1607,942,0
79.1,4.42,23.4,1311,888,0
75.1,3.15,31.6,1214,637,0
76.4,3.96,31.0,1300,347,0
70.5,3.58,24.3,1729,841,0
74.5,4.95,24.9,1435,949,1
73.2,3.95,23.7,2056,497,0
77.1,2.42,36.8,1364,192,0
86.0,3.62,40.5,1616,486,0
77.5,3.94,33.5,1560,330,0
61.4,2.99,37.8,1451,73,0
66.9,5.62,23.3,1662,643,0
62.0,4.53,37.0,1325,603,0
68.3,5.05,39.8,1484,578,0
79.1,3.16,38.0,1261,98,0
77.8,3.59,25.3,1060,669,0
69.8,5.24,35.4,1509,422,0
76.7,2.37,29.4,1267,326,0
68.6,4.49,35.4,1236,330,0
63.3,4.16,26.8,1612,447,0
63.4,3.47,30.1,1463,534,0
67.8,4.16,27.2,1573,800,0
86.0,2.79,32.4,1841,594,0
63.9,4.32,29.5,1532,36,0
84.5,2.62,35.5,1586,441,0
85.2,2.55,34.1,1258,710,0
73.2,5.7,32.1,1663,371,0
74.2,3.23,29.8,1666,41,0
69.7,1.56,28.5,1286,952,0
74.4,5.2,30.0,1627,521,0
79.9,3.14,33.7,1560,183,0
74.7,0.5,30.7,1453,940,0
82.6,3.99,31.5,1513,51,0
84.1,5.15,29.8,1979,70,0
77.3,4.47,29.6,1367,131,0
77.2,6.08,26.7,1429,194,1
74.1,3.91,20.7,1516,597,0
77.4,4.76,32.9,1460,934,0
65.7,2.87,32.8,1132,365,0
77.8,4.25,25.2,1625,917,0
76.2,5.86,39.5,1680,270,0
67.7,4.65,24.2,1842,323,0
91.8,4.25,35.0,1384,543,0
66.8,1.72,31.3,1244,837,0
67.6,3.61,31.6,1627,684,0
76.8,2.54,35.7,1291,380,0
59.1,4.97,34.6,1496,289,0
68.3,3.18,30.1,1416,343,0
62.4,4.48,24.7,1534,875,0
66.9,2.87,23.9,1407,312,0
73.5,6.28,31.0,1636,173,0
77.1,2.67,37.9,1312,265,0
83.4,4.22,34.4,1972,393,0
81.0,7.16,29.9,1652,954,1
84.0,4.31,31.7,1371,477,0
79.3,3.03,33.4,1304,879,0
70.8,4.78,38.6,1459,895,0
83.5,5.23,26.2,1403,589,1
70.7,5.08,33.6,1331,729,0
69.7,1.73,31.4,1776,135,0
86.8,4.31,26.2,1691,416,1
80.9,1.54,25.0,1280,107,0
76.3,6.3,36.3,1609,108,0
80.6,4.14,31.7,1500,489,0
81.6,3.51,29.0,1651,833,1
63.7,4.85,30.5,1365,87,0
73.8,4.63,34.9,1923,34,0
65.1,2.66,30.5,1512,838,0
75.5,5.98,38.0,1896,448,1
69.2,3.77,28.7,1403,123,0
85.4,1.98,26.1,1767,897,0
78.7,5.71,29.5,1476,549,1
68.1,5.87,25.3,1830,752,0
74.4,5.54,28.3,1461,916,0
64.9,4.71,36.1,1284,133,0
74.9,3.0,38.5,1282,155,0
78.9,5.17,33.2,1370,937,1
76.7,6.26,31.0,1618,323,0
59.1,5.02,25.5,1573,590,0
71.9,5.96,25.0,1521,550,1
78.6,3.14,31.9,1710,217,0
77.0,5.27,30.9,1825,298,0
83.8,5.17,27.1,1297,111,0
64.3,2.29,27.8,1699,514,0
78.7,2.13,37.8,1961,631,0
69.3,3.21,35.0,1374,16,0
76.1,4.16,30.3,1385,823,0
77.8,4.6,31.2,1579,255,0
80.0,3.79,36.4,1544,528,0
69.9,3.98,31.8,1391,65,0
76.0,3.93,31.2,1484,331,0
65.2,4.17,22.2,1820,92,0
63.3,4.76,21.6,1681,589,0
79.0,4.65,20.5,1337,322,0
74.1,4.0,18.8,1157,918,0
61.6,4.37,30.0,1277,132,0
67.7,3.53,31.7,1535,543,0
74.7,5.01,25.7,1342,956,0
87.0,3.46,32.2,1330,288,0
82.9,6.01,32.2,1643,870,1
80.9,4.03,29.6,1442,991,0
60.3,4.39,22.7,1422,83,0
73.8,3.16,37.2,1542,539,0
78.4,3.65,36.9,1789,417,0
77.7,4.26,27.1,1560,480,0
77.9,4.09,39.7,1637,815,0
72.7,3.32,30.3,1515,796,0
88.6,2.68,26.1,1809,259,0
86.3,4.11,28.0,1254,578,0
73.8,4.25,20.8,1275,958,0
66.7,4.72,28.3,1397,232,0
91.0,5.55,22.0,1904,193,0
70.1,3.69,35.7,1808,561,0
84.1,1.69,31.6,1279,401,0
89.8,3.89,23.1,1407,288,0
67.0,1.87,32.9,1609,776,0
76.9,2.53,21.4,1513,952,0
71.8,5.29,30.8,1677,250,0
78.7,4.74,32.4,1401,124,0
77.1,3.3,30.4,1168,454,0
90.1,3.31,24.4,1623,532,0
79.3,3.96,29.5,1749,881,0
74.5,1.97,29.1,1192,954,0
83.5,4.64,30.3,1124,536,0
72.4,3.65,37.4,1409,650,0
71.6,6.26,38.5,1126,561,1
92.4,2.8,37.9,1585,5,0
68.0,5.26,26.9,1268,566,0
70.6,3.25,26.3,1648,690,0
74.9,5.28,30.1,1431,348,0
66.1,2.9,32.2,1526,615,0
57.7,4.94,19.7,1632,423,0
83.0,3.54,27.0,1459,917,0
68.3,3.08,39.0,1297,478,0
70.2,3.89,23.8,1683,564,0
71.6,4.64,26.3,1206,174,0
66.7,4.55,26.5,1781,727,0
65.9,5.95,32.5,1378,462,0
75.8,5.05,29.7,1394,153,0
93.7,0.92,28.4,1579,513,0
80.4,3.59,22.4,1583,214,0
80.5,1.69,33.1,1601,347,0
62.5,3.61,30.0,1207,281,0
74.3,4.81,26.7,1324,512,0
65.1,2.47,30.1,1568,569,0
80.7,2.66,34.0,1574,796,0
72.7,4.24,22.6,1482,514,0
74.8,3.72,22.3,1759,880,0
73.8,5.96,24.9,1465,835,1
69.9,4.45,25.6,1688,45,0
62.4,4.7,14.8,1717,347,0
79.2,6.16,27.0,1570,99,0
63.5,3.47,35.6,1462,868,0
65.1,4.07,28.4,1648,41,0
72.1,2.88,35.1,1590,241,0
68.9,4.38,15.6,1624,586,0
76.6,5.31,29.4,1328,123,0
82.6,5.71,36.9,1594,940,1
76.5,4.03,37.9,1819,269,0
76.1,3.22,27.5,1444,108,0
74.7,3.15,25.9,1528,123,0
81.4,2.4,31.9,1453,412,0
59.8,4.22,23.9,1677,482,0
77.5,5.7,28.2,1089,609,1
67.1,1.23,21.6,1820,99,0
64.7,1.47,30.4,1603,174,0
74.6,5.75,30.0,1456,311,0
71.4,2.14,38.2,1556,66,0
79.2,4.47,31.8,1726,85,0
83.3,2.56,26.7,1575,344,0
55.9,5.01,29.5,1635,373,0
73.9,5.01,23.5,1741,742,0
90.2,4.28,30.2,1536,975,1
81.5,5.06,28.9,1650,156,0
86.1,4.13,32.1,1796,746,0
75.3,4.75,34.7,1614,37,0
63.0,6.26,20.0,1379,186,0
65.5,5.39,31.6,1656,63,0
80.2,3.29,33.7,1908,62,0
82.2,3.11,24.0,1439,175,0
68.7,3.79,39.5,1593,545,0
72.4,3.8,26.4,1588,774,0
76.6,4.16,42.3,1679,901,1
60.5,3.35,33.9,1421,919,0
71.7,4.86,34.8,1499,318,0
87.5,4.12,31.4,1892,843,1
92.0,4.51,35.1,1641,590,1
73.7,4.09,24.8,1380,670,0
89.2,4.82,26.0,1660,681,1
70.3,2.65,20.2,1516,253,0
68.0,5.98,32.7,1809,938,1
56.6,4.5,26.4,1183,369,0
82.2,4.62,33.8,1523,95,0
71.5,4.82,33.0,1698,488,0
93.2,5.38,23.3,1251,565,1
77.2,4.97,33.5,1355,566,0
76.0,4.37,31.3,1598,593,0
60.1,3.87,31.0,1511,978,0
86.5,2.11,32.3,1443,542,0
71.6,4.34,29.9,1564,764,0
73.2,3.71,30.1,1228,732,0
56.9,3.71,35.3,1337,554,0
81.9,6.97,25.0,1847,586,1
82.4,1.86,24.0,1375,896,0
69.7,4.16,26.2,1590,243,0
75.3,5.54,35.2,1493,770,1
77.7,5.24,28.4,1674,386,0
82.2,5.58,39.6,1569,663,1
75.4,2.57,14.6,1584,992,0
88.3,2.94,26.4,1735,429,0
72.6,4.83,27.8,1568,819,0
69.7,3.74,31.4,1166,420,0
70.8,6.15,36.7,1373,247,0
54.2,4.37,29.1,1786,162,0
68.1,4.33,24.9,1714,882,0
82.6,4.62,34.2,1458,974,0
76.7,3.77,37.8,1189,761,0
68.0,4.24,17.2,1362,345,0
77.4,3.29,32.9,1916,940,0
58.4,4.05,31.5,1741,483,0
72.3,3.52,25.8,1746,497,0
78.8,4.4,27.6,1184,874,1
80.1,2.4,31.4,1235,18,0
68.4,2.31,30.1,1387,739,0
81.9,4.65,28.8,1235,424,0
89.5,4.37,24.1,1526,786,0
71.2,2.94,31.4,1287,343,0
80.5,3.83,26.7,1597,168,0
62.1,2.84,30.4,1459,600,0
58.9,6.55,27.1,1393,613,0
79.5,2.23,31.0,1632,391,0
74.9,6.16,33.7,1592,353,0
76.2,3.11,31.2,1529,943,0
69.9,4.61,33.3,1431,165,0
72.2,3.79,23.0,1493,687,0
81.1,3.65,32.3,1122,383,0
88.3,5.23,31.4,1116,991,1
72.8,5.08,26.9,1369,977,0
61.4,3.76,29.2,1530,761,0
84.8,3.01,16.0,1851,542,0
79.4,6.59,30.4,1581,481,0
80.0,5.79,27.9,1308,139,1
76.0,4.27,18.6,1407,574,0
93.2,3.75,32.5,1253,849,1
75.2,4.46,26.8,1494,780,0
78.7,4.2,31.4,1485,375,0
59.8,5.54,28.8,1495,178,0
70.0,2.95,32.4,1556,468,0
69.1,4.13,30.4,1708,38,0
74.4,3.17,28.5,1638,567,0
77.4,5.67,32.5,1275,706,1
68.6,6.27,34.2,1669,6,0
88.4,4.0,18.6,1303,787,0
66.1,4.75,30.1,1578,369,0
71.0,5.79,27.0,1522,591,0
76.5,3.75,24.4,1834,651,0
64.6,2.99,36.5,1483,865,0
79.2,5.36,34.8,1484,979,1
79.7,4.72,24.8,1449,654,0
72.2,3.86,24.4,1673,448,0
89.9,5.86,34.1,1564,750,1
75.2,4.39,26.8,1451,712,0
76.8,1.97,28.3,1668,372,0
66.9,4.52,20.1,1918,900,0
61.2,4.04,29.3,1824,131,0
69.5,6.37,35.7,1799,18,0
72.0,4.09,27.7,1398,191,0
70.9,3.86,29.4,1486,657,0
80.7,4.63,38.7,1536,988,0
55.5,4.4,34.4,1168,403,0
65.5,2.42,37.1,1843,132,0
60.0,4.25,33.1,1221,798,0
85.3,3.72,36.0,1583,989,1
70.1,5.8,21.6,1261,73,0
70.5,6.99,25.9,1529,673,1
65.8,2.77,21.7,1667,520,0
81.8,2.95,41.1,1607,628,0
71.3,3.1,30.9,1335,366,0
76.4,3.32,29.3,1376,281,0
58.3,3.28,26.2,1687,842,0
84.0,4.18,24.9,1492,87,0
77.8,5.42,15.9,1528,684,0
79.0,2.55,41.2,1689,431,0
84.5,2.26,29.5,1010,559,0
73.1,1.9,30.3,1555,943,0
73.3,5.44,22.9,1753,721,0
80.3,5.7,29.7,1856,728,0
78.0,2.27,31.9,1640,478,0
72.6,2.15,29.6,1361,665,0
75.0,4.27,33.1,1695,420,0
70.6,5.42,25.8,1874,449,0
80.3,5.33,31.6,1380,850,0
82.1,4.34,34.4,1363,594,0
74.6,4.93,32.8,1476,778,0
89.7,4.51,31.9,1424,589,1
62.3,3.45,29.4,1104,509,0
72.7,6.4,25.0,1040,747,0
88.3,4.11,32.7,1248,332,0
71.2,2.78,28.0,1381,834,0
61.8,3.55,25.2,1590,622,0
85.8,2.26,33.8,1401,251,0
79.0,4.13,21.9,1540,671,0
65.0,5.43,27.2,1774,832,0
80.8,2.59,33.8,2094,230,0
66.4,5.47,34.7,1677,360,0
63.9,6.63,28.1,1313,537,0
73.4,4.57,30.3,1700,231,0
70.8,2.72,32.7,1504,685,0
65.8,3.09,29.6,1572,817,0
71.7,3.71,26.1,1694,470,0
66.6,2.57,32.1,1657,40,0
75.1,2.61,30.8,1247,328,0
74.4,3.8,30.5,1281,723,0
80.6,3.9,35.5,1557,606,0
71.0,4.84,31.5,1643,509,0
63.9,2.67,27.7,1919,771,0
64.0,6.36,30.8,1623,968,1
72.6,5.39,39.7,1433,494,0
86.9,5.18,26.4,1409,272,0
81.4,3.33,28.6,1365,758,0
69.5,6.2,26.0,1249,179,0
82.2,3.7,31.7,1248,155,0
65.3,6.29,23.6,1395,678,0
82.7,5.4,32.2,1523,253,0
71.6,3.04,33.8,1353,786,0
80.8,3.57,26.1,1506,275,0
79.6,6.36,25.7,1449,472,1
72.4,5.32,22.5,1459,365,0
77.3,3.93,30.2,1418,198,0
66.1,4.36,24.4,1560,264,0
74.0,4.35,26.8,1507,635,0
83.3,3.19,27.9,984,208,0
107.5,3.87,26.5,1555,700,1
80.3,3.32,34.1,1524,487,0
75.3,3.6,37.9,1384,271,0
66.5,4.67,19.3,1537,838,0
83.1,2.96,25.9,1367,253,0
61.3,4.99,31.2,1527,942,0
68.2,4.25,24.7,1332,570,0
77.5,5.03,27.3,1637,767,0
65.0,5.18,31.0,1571,988,0
87.0,5.61,36.9,1219,478,1
83.4,4.87,35.8,1366,698,1
70.1,4.96,28.5,1641,80,0
70.2,3.9,30.6,1583,762,0
64.0,4.8,28.1,1530,95,0
63.4,3.03,29.1,1281,278,0
78.2,3.82,24.1,1369,803,0
79.6,5.01,21.1,1535,691,0
77.5,4.05,28.1,1561,338,0
76.8,4.65,34.9,1500,114,0
70.1,2.84,33.8,1340,125,0
77.5,5.76,20.6,1458,788,0
62.8,3.42,29.0,1406,272,0
74.7,4.59,26.8,1275,252,0
86.5,4.09,31.4,1287,11,0
85.2,5.24,24.5,1344,567,1
70.9,3.65,34.5,1208,718,0
71.9,2.91,28.9,1594,935,0
85.7,1.83,32.9,1653,967,0
89.0,3.75,34.4,1676,203,0
62.6,2.68,20.3,1350,54,0
71.2,4.76,28.9,1355,416,0
76.5,5.85,37.5,1551,337,0
84.4,1.44,30.1,1410,104,0
67.9,2.56,35.2,1441,818,0
79.8,4.49,32.1,1440,355,0
72.2,5.6,27.5,1187,773,0
93.7,4.48,31.4,1750,318,0
78.1,4.5,35.2,1221,223,0
73.6,4.72,36.4,1193,340,0
71.9,4.81,37.2,1659,658,0
83.1,6.09,24.4,1287,376,0
80.1,4.85,34.1,1710,812,1
65.9,2.62,23.1,1568,460,0
76.4,3.54,29.3,1570,700,0
63.9,4.37,28.9,1426,386,0
68.6,3.14,33.1,1224,718,0
64.2,3.8,31.6,1269,511,0
64.0,3.48,36.2,1521,977,0
69.1,3.27,26.9,1479,613,0
66.8,4.95,34.2,1265,424,0
78.9,3.64,31.9,1278,657,0
81.0,2.8,30.0,1331,327,0
72.7,3.25,24.0,1488,630,0
65.7,4.16,32.8,1586,217,0
81.1,6.66,31.6,1676,984,1
58.4,4.43,33.9,1428,847,0
59.1,5.9,29.8,1780,196,0
80.5,4.71,28.7,1640,229,0
79.9,1.52,31.9,1788,533,0
82.5,4.57,32.3,1330,631,0
72.9,3.09,33.4,1613,328,0
64.5,2.48,39.4,1712,863,0
70.5,2.81,26.9,1155,108,0
79.2,6.27,40.0,1680,563,1
68.5,2.21,15.2,1581,418,0
69.0,3.36,34.8,1679,943,0
63.4,5.51,25.9,1534,730,0
65.3,4.92,40.0,1723,904,0
81.4,2.05,25.6,1418,808,0
78.3,3.98,35.3,1399,183,0
65.3,3.49,25.0,1640,329,0
66.0,3.88,24.3,1641,344,0
70.1,5.02,34.0,1239,99,0
79.0,3.42,34.3,1734,835,0
65.3,3.73,26.5,1729,835,0
73.3,5.87,42.0,1700,796,1
57.4,1.89,28.4,1359,23,0
64.5,3.66,37.8,1745,989,0
78.0,4.68,24.9,1601,841,0
81.9,2.61,25.2,1680,132,0
65.4,3.35,30.4,1490,280,0
68.4,2.52,24.9,1417,630,0
81.1,4.3,32.3,1364,468,0
71.5,3.36,19.3,1381,194,0
70.3,5.06,30.9,1674,716,0
78.8,5.34,27.2,1351,726,0
76.2,4.17,25.2,1381,174,0
83.6,3.65,31.0,1564,469,0
81.0,4.42,28.9,1449,892,0
70.0,4.18,27.7,1103,192,0
73.7,2.64,34.0,1373,97,0
74.2,5.4,31.5,1430,777,0
63.8,4.38,31.9,1812,971,0
66.8,5.06,36.6,1629,503,0
82.5,2.46,29.6,1307,18,0
61.9,5.17,34.2,1287,10,0
82.6,6.66,27.9,1412,344,1
76.9,4.85,33.0,1544,981,1
73.5,2.35,32.6,1349,413,0
79.0,4.15,27.3,1585,858,1
78.5,4.04,22.4,1228,911,0
84.4,4.37,23.6,1564,373,0
71.4,3.83,25.3,1731,777,0
72.8,4.71,32.8,985,652,0
72.7,3.55,29.3,1495,580,0
89.8,4.39,28.5,1549,270,0
82.3,3.27,32.4,1587,772,1
67.2,4.23,33.6,1520,682,0
72.0,5.31,36.9,1487,374,0
69.0,3.51,27.0,1555,303,0
74.8,4.91,32.7,1521,163,0
76.4,3.03,33.5,1518,27,0
93.1,3.66,25.3,1805,450,0
60.0,3.82,30.6,1699,649,0
82.9,5.61,25.4,1679,534,1
78.2,3.18,28.9,1378,592,0
69.0,5.58,32.1,1406,282,0
73.5,2.33,21.5,1705,657,0
70.7,3.91,25.6,1297,80,0
75.1,5.21,26.0,1697,230,0
82.8,4.95,30.4,1239,163,0
62.5,2.88,26.3,1911,275,0
85.2,2.62,31.8,1740,777,0
71.7,5.17,25.7,1394,477,0
86.7,2.58,27.4,1411,714,0
78.0,4.81,33.0,1105,809,0
84.6,3.47,31.6,1490,426,0
79.2,4.09,30.7,1730,320,0
83.4,6.91,29.8,1618,68,1
75.2,5.98,35.0,1450,477,0
68.0,5.12,36.8,1896,880,1
80.1,2.43,28.1,1607,917,0
80.4,4.49,26.4,1580,671,0
91.6,4.17,24.8,1443,529,0
58.6,3.98,38.6,1613,906,0
73.1,5.72,25.5,2007,306,0
83.2,2.02,23.4,1587,308,0
64.7,4.49,31.3,1178,962,1
72.9,4.25,35.2,1542,779,0
91.7,3.19,23.8,1870,970,1
86.1,6.19,29.4,1730,698,1
67.7,2.56,22.9,1400,26,0
86.2,4.13,26.5,1568,595,0
84.2,4.2,38.1,1215,376,0
81.0,1.44,30.8,1624,285,0
77.8,2.36,28.7,1330,689,0
76.7,2.92,30.3,1397,848,0
67.8,5.05,31.4,1390,788,0
70.6,5.25,29.5,1362,838,0
80.6,4.82,24.1,1828,218,0
75.9,4.39,24.1,1786,446,0
89.6,1.43,40.0,1444,618,0
72.1,4.36,26.2,1519,26,0
55.5,3.47,35.9,1826,540,0
72.1,5.52,26.4,1444,56,0
77.0,5.73,36.5,1414,447,0
77.8,6.81,33.5,1336,334,0
75.3,4.96,28.9,1802,637,0
68.2,5.09,40.0,1532,424,0
86.7,2.84,25.3,1502,221,0
69.4,4.19,28.8,1418,138,0
80.5,2.6,25.7,1324,842,0
72.5,5.19,26.1,1684,62,0
65.2,2.64,28.2,1350,562,0
86.1,3.83,25.2,1399,527,0
54.7,3.1,28.4,1175,90,0
68.0,3.52,37.8,1287,361,0
78.3,4.65,21.4,1400,868,0
71.9,3.41,23.8,1405,875,0
80.8,4.36,25.3,1206,86,0
74.0,2.87,27.7,1380,913,0
71.2,5.79,35.0,1472,416,0
92.1,3.31,33.6,992,599,0
73.0,5.32,32.4,1611,122,0
73.5,6.69,31.0,1445,543,0
66.1,1.13,41.9,1238,668,0
68.8,2.89,24.4,1445,363,0
80.0,3.84,24.3,1584,432,0
79.3,5.52,29.9,1497,728,1
74.8,3.5,31.0,1506,261,0
69.2,4.55,28.8,1500,375,0
80.3,3.2,25.8,1624,586,0
61.2,4.78,23.5,1235,946,0
72.1,2.61,28.6,1384,674,0
72.8,5.11,26.5,1572,276,0
68.1,0.5,27.6,1503,929,0
76.1,1.79,24.6,1292,272,0
69.5,6.31,36.6,1443,492,0
68.4,4.3,32.2,1362,255,0
89.3,3.0,39.2,1501,337,0
80.8,6.78,27.4,1176,804,1
84.5,5.37,30.3,1183,229,0
75.3,5.46,28.8,1218,916,1
82.6,3.57,30.1,1471,798,0
81.1,4.85,28.7,1975,952,1
84.6,4.71,29.2,1687,791,1
93.8,2.06,20.2,1733,443,0
73.1,4.81,28.6,1499,610,0
77.0,3.86,33.4,1805,400,0
74.5,5.66,20.3,1565,528,0
46.8,5.68,28.3,1510,619,0
63.7,3.3,32.8,1706,47,0
75.1,3.35,36.3,1261,521,0
80.0,4.32,29.6,1073,518,0
70.3,4.89,32.3,1266,661,0
84.0,3.58,38.7,1768,484,0
85.2,3.95,36.4,1670,30,0
71.6,4.83,27.8,1533,738,0
86.3,4.6,27.0,1450,839,1
89.0,5.51,35.1,1463,532,1
78.7,4.38,31.1,1571,866,0
67.1,3.0,27.3,1329,972,0
86.7,1.92,28.8,1645,47,0
73.7,5.08,31.6,1308,970,0
72.0,3.67,29.0,1756,385,0
75.9,3.66,28.7,1431,585,0
70.7,3.73,28.8,1317,988,0
83.6,2.16,22.6,1440,128,0
81.2,3.6,38.6,1316,11,0
84.7,0.89,36.1,1470,455,0
79.6,3.59,37.5,1146,597,0
68.6,2.98,29.3,1400,992,0
73.7,6.34,30.6,1510,921,0
82.0,4.63,32.9,1570,670,1
71.7,3.82,34.1,1420,569,0
98.4,4.28,20.9,1730,791,1
73.1,4.98,31.8,1167,334,0
70.3,3.15,25.0,1453,574,0
84.2,3.8,29.6,1401,621,0
81.0,3.64,26.7,1494,100,0
74.8,7.13,38.5,1444,320,0
73.2,4.17,32.7,1763,49,0
78.4,1.66,29.9,1494,374,0
81.7,5.06,36.9,1315,542,0
81.1,7.26,29.6,1978,99,1
72.6,2.9,26.4,1503,190,0
78.5,8.36,29.1,1464,169,0
81.8,4.0,28.2,1667,957,0
81.1,5.31,30.2,1379,48,0
50.3,3.38,34.2,1451,41,0
67.9,3.75,29.4,1662,398,0
68.8,2.56,29.7,1265,394,0
73.2,2.78,35.0,1407,751,0
76.4,1.44,31.4,1678,210,0
82.4,5.49,34.7,1844,101,0
79.9,2.66,30.7,1479,263,0
74.0,4.53,23.5,1474,824,0
75.2,4.48,24.4,1706,351,0
89.1,3.28,21.8,1208,608,0
70.1,4.14,35.6,1360,479,0
77.4,3.96,32.1,1340,873,0
87.5,3.46,27.6,1095,26,0
77.8,4.14,25.1,931,536,0
58.7,4.14,31.8,1415,759,0
78.0,2.82,29.3,1671,785,0
71.9,2.47,31.6,1624,747,0
74.1,3.03,25.8,1741,362,0
83.4,4.22,24.5,963,801,0
78.8,5.78,37.8,1466,608,1
72.9,5.89,25.3,1754,851,0
82.1,4.46,29.9,1326,884,1
78.5,5.24,36.6,1241,560,0
75.8,4.23,20.9,1562,60,0
77.4,5.44,33.5,1497,983,1
77.0,4.23,30.3,1619,208,0
72.3,4.56,29.3,1494,614,0
71.3,3.72,31.3,1737,22,0
75.2,4.06,24.1,1630,33,0
67.4,6.42,19.0,1545,856,0
64.9,2.59,39.4,1422,982,0
85.4,4.07,28.6,1633,285,0
73.1,3.34,34.4,1366,474,0
74.8,5.26,35.5,1682,33,0
73.9,6.32,31.4,1719,9,0
75.2,3.68,32.3,1680,90,0
75.2,0.63,33.5,1246,889,0
75.5,4.83,37.8,1581,168,0
68.6,4.83,32.4,1568,66,0
82.5,1.98,36.2,1666,507,0
69.5,3.77,28.6,1192,192,0
83.3,3.99,27.9,1379,931,0
59.6,1.2,30.4,1481,796,0
66.5,4.91,32.0,1768,739,0
82.9,4.61,32.7,1379,287,0
73.8,4.36,39.6,1670,617,0
69.6,2.75,34.2,1525,609,0
78.0,3.18,30.3,1873,47,0
66.6,3.28,39.8,1560,727,0
75.6,4.66,31.6,1182,977,0
57.3,2.84,31.8,1442,302,0
71.4,5.88,32.4,1546,865,0
69.8,4.54,28.4,1744,200,0
79.3,1.36,24.6,1626,39,0
82.0,6.16,30.7,1441,424,1
68.2,4.26,28.5,1249,555,0
87.9,3.38,25.7,1503,432,0
70.3,4.19,30.6,1473,253,0
58.6,1.79,29.0,1757,65,0
56.0,4.3,27.1,1678,408,0
87.3,1.0,21.2,1223,82,0
74.3,2.79,29.2,1043,200,0
69.8,5.75,38.7,1416,833,1
69.0,5.63,34.4,1550,784,1
66.3,3.64,35.4,1307,860,0
85.8,2.86,29.9,1396,439,0
74.3,5.22,35.2,1729,548,0
89.3,4.0,26.7,1641,954,0
73.4,4.32,27.8,1159,792,0
56.2,4.84,32.6,1565,132,0
81.8,2.72,23.0,1528,780,0
72.1,5.05,30.3,1457,257,0
73.1,1.42,31.5,1608,608,0
87.5,5.88,38.4,1612,28,1
72.9,2.1,26.6,1984,397,0
84.3,3.27,32.1,1542,401,0
75.0,3.22,26.8,1354,549,0
69.0,4.96,27.3,1400,411,0
79.1,4.99,16.7,1638,157,0
70.2,4.5,25.4,1876,870,0
84.8,4.73,35.7,1616,410,1
82.7,4.64,32.6,1603,87,0
75.5,3.96,30.8,1550,738,0
79.9,1.67,42.2,1410,752,0
79.5,1.17,32.7,1512,60,0
72.8,1.18,23.9,1260,115,0
82.2,3.99,29.0,1644,8,0
73.2,3.77,29.7,1591,539,0
79.9,3.88,38.0,1534,563,0
67.4,4.33,25.6,1330,983,0
75.8,3.75,32.1,1447,304,0
78.3,2.8,34.9,1386,153,0
68.7,2.17,26.0,1558,916,0
71.7,1.67,30.5,1442,184,0
70.8,5.57,20.1,1569,610,0
80.8,5.18,30.5,1681,83,0
69.3,2.35,19.1,1747,796,0
78.5,3.7,28.1,1298,99,0
87.2,4.6,38.5,1433,71,1
77.9,6.04,32.0,1284,177,0
62.1,3.29,30.3,1743,876,0
76.0,4.26,30.8,1332,509,0
83.4,5.49,40.7,1763,602,1
72.8,1.87,32.8,1400,202,0
